unknown,IMP/2001/092101/10202,Office Furniture,USD,15326.08,58293,725689.88,01/01-02,3/10/2001,3405,9/10/2001,732947,460760,,OUTRIGHT_PURCHASE,28315000,460760,BANGALORE,27589310.12,,
unknown,IMP/2001/092102/10203,Office Furniture,USD,9026.5,12049,435528.62,02/01-02,5/10/2001,43414,4/10/2001,439884,170393,,OUTRIGHT_PURCHASE,,170393,BANGALORE,27153781.5,Debonded - Ref STPI Approval 29175 dt 11/11/2011,Debonded as per Excise as well
unknown,IMP/2001/092103/10204,Epabx,USD,17000,17000,820250,03/01-02,5/10/2001,43418,4/10/2001,828453,320910,,OUTRIGHT_PURCHASE,,320910,BANGALORE,26333531.5,,
unknown,IMP/2001/092101/10202,Office Furniture,USD,20529.11,58293,990529.55,04/01-02,5/10/2001,3487,5/10/2001,1000435,628913,,OUTRIGHT_PURCHASE,,628913,BANGALORE,25343001.95,,
unknown,IMP/2001/100802/10938,Computers Systems&Printers,USD,37890,37890,1828192.5,05/01-02,5/10/2001,44318,9/10/2001,1846474,715250,,OUTRIGHT_PURCHASE,,715250,BANGALORE,23514809.45,Debonded Twice - Ref Debonded - Ref STPIB Approval 4561 dt 24/04/2007 & STPI Approval 29175 dt 11/11/2011,Debonded as per Excise as well
unknown,IMP/2001/100803/10939,Fax Machines & Courier Machines,USD,207702,207702,207702,06/01-02,2/10/2001,44321,9/10/2001,209779,81260,,OUTRIGHT_PURCHASE,,81260,BANGALORE,23307107.45,,
unknown,IMP/2001/100801/10937,Computers Systems,USD,12755.9,12756,615472.17,07/01-02,10/10/2001,44736,10/10/2001,621627,240793,,FREE_OF_CHARGE,,240793,BANGALORE,22691635.28,Debonded Twice - Ref Debonded - Ref STPIB Approval 4561 dt 24/04/2007 & STPI Approval 29175 dt 11/11/2011,Debonded as per Excise as well
unknown,IMP/2001/09250/10337,Anti Static Carpets,USD,19882.47,19882.47,959329.17,08/01-02,10/10/2001,3533,10/10/2001,968922,391798,,OUTRIGHT_PURCHASE,,391798,BANGALORE,21732306.11,,
unknown,IMP/2001/092101,Office Furniture Pedestal,USD,58293,5326.34,256995.95,09/01-02,11/10/2001,3575,12/10/2001,259566,163174,,OUTRIGHT_PURCHASE,,163174,BANGALORE,21475310.16,,
unknown,IMP/2001/092101/10202,Office Furniture,USD,58293,1260.4,60814.3,10/01-02,18/10/2001,45325,15/10/2001,61422,38612,,OUTRIGHT_PURCHASE,,38612,BANGALORE,21414495.86,,
unknown,IMP/2001/092102/10203,Communication Equipment,USD,12049,2780,134135,11/01-02,31/10/2001,46920,24/10/2001,135476,52478,,OUTRIGHT_PURCHASE,,52478,BANGALORE,21280360.86,,
unknown,IMP/2001/100901/11163,Monitors,USD,13650,13650,658612.5,12/01-02,24/10/2001,47071,24/10/2001,665199,257671,,OUTRIGHT_PURCHASE,,257671,BANGALORE,20621748.36,Debonded Twice - Ref Debonded - Ref STPIB Approval 4561 dt 24/04/2007 & STPI Approval 29175 dt 11/11/2011,Debonded as per Excise as well
unknown,IMP/2001/092101/10202,Office Furniture,USD,58293,5684.16,274260.72,13/01-02,20/11/2001,3987,20/11/2001,277003,174135,,OUTRIGHT_PURCHASE,,174135,BANGALORE,20347487.64,,
unknown,IMP/2001112601/13933,Projection Screen,INR,219420,219420,35775,14/01-02,19/12/2001,1316,19/12/2001,36133,22715,,OUTRIGHT_PURCHASE,,22715,BANGALORE,20311712.64,,
unknown,IMP/2001112601/13933,Multimedia Projector,USD,219420,183645,183645,15/01-02,19/12/2001,1315,19/12/2001,185481,116601,,OUTRIGHT_PURCHASE,,116601,BANGALORE,20128067.64,,
unknown,IMP/2001121901/15335,Compaq SDIT -external Drive,USD,5900,5900,284970,16/01-02,1/01/2002,57572,26/12/2001,287820,111490,,OUTRIGHT_PURCHASE,,111490,BANGALORE,19843097.64,,
unknown,IMP/2002030101/20062,Computer Hardware,USD,15408,15408,752680.8,17/01-02,9/03/2002,9287,16/03/2002,760208,294474,,OUTRIGHT_PURCHASE,,294474,BANGALORE,19090416.84,Debonded Twice - Ref Debonded - Ref STPIB Approval 4561 dt 24/04/2007 & STPI Approval 29175 dt 11/11/2011,Debonded as per Excise as well
unknown,IMP/2001092102/10203,Communication Equipment,USD,243,243,11870.55,18/01-02,13/03/2002,10317,16/03/2002,11989,4644,,OUTRIGHT_PURCHASE,,4644,BANGALORE,19078546.29,,
unknown,IMP/2002030701/20388,"Samsung 19"" Dynaflat Monitors",USD,4680,4680,228852,19/02-03,22/04/2002,309312,16/04/2002,231140,89534,,OUTRIGHT_PURCHASE,,89534.6,BANGALORE,18849694.29,Debonded Twice - Ref Debonded - Ref STPIB Approval 4561 dt 24/04/2007 & STPI Approval 29175 dt 11/11/2011,Debonded as per Excise as well
unknown,IMP/2002040101/197,computers with accessories,USD,14356,14356,701959.5,20/02-03,1/05/2002,313452,29/04/2002,708979,274630,,OUTRIGHT_PURCHASE,,274630.14,BANGALORE,18147734.79,Debonded Twice - Ref Debonded - Ref STPIB Approval 4561 dt 24/04/2007 & STPI Approval 29175 dt 11/11/2011,Debonded as per Excise as well
unknown,IMP/2002050601/2783,computer Equipment,USD,29509,29509,1448892,21/02-03,12/05/2002,318329,14/05/2002,1463381,566855,,FREE_OF_CHARGE,,566855,BANGALORE,16698842.79,,
unknown,IMP/2002041701/1394,Modular Workstations,USD,18013.54,18060,884464.8,22/02-03,27/05/2002,2179,27/05/2002,893309,507685,,OUTRIGHT_PURCHASE,,507685,BANGALORE,15814377.99,,
unknown,IMP/20020610023/5434,120 Degree Tables,USD,7030,7030,345524.5,23/02-03,20/06/2002,328647,12/06/2002,348979,198332,,OUTRIGHT_PURCHASE,,198332,BANGALORE,15468853.49,,
unknown,IMP/20020627023/7229,Computers Systems,USD,15900,15900,780690,24/02-03,18/07/2002,338791,11/07/2002,788496,305432,,OUTRIGHT_PURCHASE,,305432.16,BANGALORE,14688163.49,Debonded Twice - Ref Debonded - Ref STPIB Approval 4561 dt 24/04/2007 & STPI Approval 29175 dt 11/11/2011,Debonded as per Excise as well
unknown,IMP/03082002/0003/10164,Computers Systems,USD,8909,8908.06,435158.73,25/02-03,31/07/2002,348459,8/08/2002,478675,170249,,FREE_OF_CHARGE,,170249,BANGALORE,14253004.76,Debonded - Ref STPIB Approval 4561 dt 24/04/2007,Not debonded in Excel ???
unknown,STPIB/IMP/06082002/053/10376,Computers Systems,USD,31800,31800,1553430,26/02-03,29/08/2002,354082,24/08/2002,1568964,607754,,OUTRIGHT_PURCHASE,,607754,BANGALORE,12699574.76,Debonded Twice - Ref Debonded - Ref STPIB Approval 4561 dt 24/04/2007 & STPI Approval 29175 dt 11/11/2011,Debonded as per Excise as well
unknown,STPIB/IMP/02092002/023/12031,Computer Monitor,USD,13050,13050,635535,27/02-03,27/09/2002,362895,19/09/2002,641890,248643,,OUTRIGHT_PURCHASE,,248643,BANGALORE,12064039.76,Debonded Twice - Ref Debonded - Ref STPIB Approval 4561 dt 24/04/2007 & STPI Approval 29175 dt 11/11/2011,Debonded as per Excise as well
unknown,STPIB/IMP/03062003/052/4858,computer Systems,USD,20000,14000,942000,28/03-04,24/06/2003,466701,19/06/2002,951420,368542,,OUTRIGHT_PURCHASE,,368542,BANGALORE,11122039.76,Debonded Twice - Ref Debonded - Ref STPIB Approval 4561 dt 24/04/2007 & STPI Approval 29175 dt 11/11/2011,Debonded as per Excise as well
unknown,STPIB/IMP/18092003/0008/14924,Computer Systems with accessories,USD,5808,5808,267168,29/03-04,30/09/2003,505616,22/09/2003,269840,104525,,FREE_OF_CHARGE,,104525,BANGALORE,10854871.76,Debonded Twice - Ref Debonded - Ref STPIB Approval 4561 dt 24/04/2007 & STPI Approval 29175 dt 11/11/2011,Debonded as per Excise as well
unknown,STPIB/IMP/30092003/0022/16230,computers with accessories,USD,15450,15450,710700,30/03-04,7/10/2003,510127,1/10/2003,717807,278050,,OUTRIGHT_PURCHASE,,278050,BANGALORE,10144171.76,Debonded Twice - Ref Debonded - Ref STPIB Approval 4561 dt 24/04/2007 & STPI Approval 29175 dt 11/11/2011,Debonded as per Excise as well
unknown,STPIB/IMP/06102003/0032/16549,HP Enterprise Server with Accessories,USD,5554,5554,255484,31/03-04,13/10/2003,512517,8/10/2003,258039,99954,,FREE_OF_CHARGE,,99954,BANGALORE,9888687.76,Debonded Twice - Ref Debonded - Ref STPIB Approval 4561 dt 24/04/2007 & STPI Approval 29175 dt 11/11/2011,Debonded as per Excise as well
unknown,STPIB/IMP/14102003/0035/17517,Parts of Computer Systems,USD,3492,3492,160632,32/03-04,22/10/2003,515996,15/10/2003,162238,62845,,FREE_OF_CHARGE,,62845,BANGALORE,9728055.76,Debonded - Ref STPI Approval 29175 dt 11/11/2011,Debonded as per Excise as well
unknown,STPIB/IMP/30092003/0023/16231,Colour Monitors,USD,3375,3375,153562.5,33/03-04,13/11/2003,526646,10/11/2003,155098.13,60078,,OUTRIGHT_PURCHASE,,60078.81,BANGALORE,9574493.26,Debonded Twice - Ref Debonded - Ref STPIB Approval 4561 dt 24/04/2007 & STPI Approval 29175 dt 11/11/2011,Debonded as per Excise as well
unknown,STPIB/IMP/19112003/0037/20945,Sound Station Ex with MICs,INR,35750,35750,35750,34/03-04,5/12/2003,7682,5/12/2003,36108,13987,,OUTRIGHT_PURCHASE,,13987,BANGALORE,9538743.26,,
unknown,STPIB/IMP/27112003/0029/21750,Multimedia Projector,INR,82000,82000,82000,35/03-04,11/12/2003,7762,11/12/2003,82820,42073,,OUTRIGHT_PURCHASE,,42073.1,BANGALORE,9456743.26,,
unknown,STPIB/IMP/11122003/0041/23324,Network Equipment,USD,1700,1700,78200,36/03-04,17/12/2003,541994,12/12/2003,78982,30594,,OUTRIGHT_PURCHASE,,30594,BANGALORE,9378543.26,,
unknown,STPIB/IMP/08122003/0051/22869,D-600 Dell Lattitude,USD,2152,2152,98992,37/03-04,16/12/2003,544913,18/12/2003,99982,38729,,OUTRIGHT_PURCHASE,,38729,BANGALORE,9279551.26,Debonded Twice - Ref Debonded - Ref STPIB Approval 4561 dt 24/04/2007 & STPI Approval 29175 dt 11/11/2011,Debonded as per Excise as well
unknown,STPIB/IMP/05022004/0113/28844,Computer Systems with accessories,USD,18000,18000,819900,38/03-04,25/12/2003,568589,12/02/2004,828099,155682,,OUTRIGHT_PURCHASE,,155682.61,BANGALORE,8459651.26,Debonded Twice - Ref Debonded - Ref STPIB Approval 4561 dt 24/04/2007 & STPI Approval 29175 dt 11/11/2011,Debonded as per Excise as well
unknown,STPIB/IMP/05022004/0132/28854,Sound Station Ex with MICs,USD,35750,35750,35750,39/03-04,1/03/2004,650/04,1/03/2003,36108,9966,,OUTRIGHT_PURCHASE,,9966,BANGALORE,8423901.26,,
unknown,STPIB/IMP/21012004/0004/27054,WCP 420 (Xerox Machine),USD,1900,1900,86355,40/03-04,1/04/2004,583011,12/03/2004,87218,24072,,OUTRIGHT_PURCHASE,,24072.32,BANGALORE,8337546.26,,
unknown,STPIB/IMP/31052004/0096/6725,Computers Systems,USD,9760,9760,443592,41/04-05,29/07/2004,630405,11/06/2004,448028,123655,,OUTRIGHT_PURCHASE,,123655,BANGALORE,7893954.26,Debonded - Ref STPI Approval 29175 dt 11/11/2011,Debonded as per Excise as well
unknown,STPIB/IMP/0572004/0112/11476,HP Storage works NAS12005,USD,5700,5700,261345,42/04-05,29/07/2004,649443,19/07/2004,263958,26924,,OUTRIGHT_PURCHASE,,26924,BANGALORE,7632609.26,,
unknown,STPIB/IMP/050072004/0112/11476,Computer systems,USD,20250,20250,948342,43/04-05,29/07/2004,650712,19/07/2004,957825,100515.96,,OUTRIGHT_PURCHASE,,100515.96,BANGALORE,6684267.26,Debonded - Ref STPI Approval 29175 dt 11/11/2011,Debonded as per Excise as well
unknown,STPIB/IMP/16092004/0184/20978,Computer Hardware with accessories,USD,4850,4850,225525,44/04-05,14/10/2004,689700,29/09/2004,227780.25,23642.5,,OUTRIGHT_PURCHASE,,23642.5,BANGALORE,6458742.26,Debonded - Ref STPI Approval 29175 dt 11/11/2011,Debonded as per Excise as well
unknown,STPIB/IMP/08102004/0149/23912,Computer Systems with accessories,USD,20250,20250,953596,45/04-05,26/10/2004,702721,21/10/2004,963038,174178,,OUTRIGHT_PURCHASE,,174177.51,BANGALORE,5505146.26,Debonded - Ref STPI Approval 29175 dt 11/11/2011,Debonded as per Excise as well
unknown,STPIB/IMP/01112004/0109/26806,Computer Systems with accessories,USD,8795,8790.64,403250.55,46/04-05,19/10/2004,709369,3/11/2004,407283,72716,,OUTRIGHT_PURCHASE,,72716.29,BANGALORE,5101895.71,Debonded - Ref STPI Approval 29175 dt 11/11/2011,Debonded as per Excise as well
unknown,STPIB/IMP/29102004/0143/26670,HardWare Parts,USD,3900,3900,178815,47/04-05,25/11/2004,720252,23/11/2004,180603,50482,,OUTRIGHT_PURCHASE,,50482.19,BANGALORE,4923080.71,Debonded - Ref STPI Approval 29175 dt 11/11/2011,Debonded as per Excise as well
unknown,STPIB/IMP/11112004/0056/27813,Computersystems with accessories,USD,7000,7000,320950,48/04-05,2/12/2004,716995,18/11/2004,324156,57876,,OUTRIGHT_PURCHASE,,57875.5,BANGALORE,4602130.71,Debonded - Ref STPI Approval 29175 dt 11/11/2011,Debonded as per Excise as well
unknown,STPIB/IMP/17112004/0088/25153,Computersystems with accessories,USD,12132,12132,556252.2,49/04-05,2/12/2004,722510,27/11/2004,561815,100306.4,,OUTRIGHT_PURCHASE,,100306.4,BANGALORE,4045878.51,Debonded - Ref STPI Approval 29175 dt 11/11/2011,Debonded as per Excise as well
unknown,STPIB/IMP/17112004/0034/28096,Computersystems with accessories,USD,10784,10784,363346.4,50/04-05,2/12/2004,722509,2/12/2004,499391,89161.3,,OUTRIGHT_PURCHASE,,89161.3,BANGALORE,3682532.11,Debonded - Ref STPI Approval 29175 dt 11/11/2011,Debonded as per Excise as well
unknown,STPIB/IMP/05012005/0020/34495,Computersystems with accessories,USD,58650,58650,2580600,51/04-05,20/01/2005,747184,20/01/2005,2109833,728542.61,,OUTRIGHT_PURCHASE,,728542.61,BANGALORE,1101932.11,Debonded - Ref STPI Approval 29175 dt 11/11/2011,Debonded as per Excise as well
unknown,STPIB/IMP/02022005/0079/37899,Computersystems with accessories,USD,6392,6392,280608,52/04-05,24/02/2005,762540,7/02/2005,283414.89,,,OUTRIGHT_PURCHASE,35235000,50601,BANGALORE,36056324.11,Debonded - Ref STPI Approval 29175 dt 11/11/2011,Debonded as per Excise as well
unknown,STPIB/IMP/16022005/0033/39676,Computersystems with accessories,USD,2987,2987,80350,53/04-05,10/03/2005,1074,2/03/2005,81154,,,OUTRIGHT_PURCHASE,,17010,BANGALORE,35975974.11,Debonded - Ref STPI Approval 29175 dt 11/11/2011,Debonded as per Excise as well
unknown,STPIB/IMP/01032005//0086/4733,Computer  Laptop 15 Nos,USD,24000,24000,1054800,54/04-05,10/03/2005,2956,10/03/2005,1083992,,,OUTRIGHT_PURCHASE,,123852,BANGALORE,34921174.11,Debonded - Ref STPI Approval 29175 dt 11/11/2011,Debonded as per Excise as well
unknown,STPIB/IMP/14022005/0042/39351,Computersystems with accessories,USD,2700,2700,118665,55/04-05,31/03/2005,787172,24/03/2005,119852,,,OUTRIGHT_PURCHASE,,25536,BANGALORE,34802509.11,Debonded - Ref STPI Approval 29175 dt 11/11/2011,Debonded as per Excise as well
unknown,STPIB/IMP/14022005/0042/39351,LCD Monitors 10 nos,USD,6200,6200,272490,56/05-06,5/04/2005,2198,4/04/2005,275215,,,OUTRIGHT_PURCHASE,,57720,BANGALORE,34530019.11,,
unknown,STPIB/IMP/04042005/0136/00430,Modular Workstation Chairs,USD,5900,5900,259895,57/05-06,21/04/2005,100371,12/04/2005,262493,,,OUTRIGHT_PURCHASE,,90400,BANGALORE,34270124.11,,
unknown,STPIB/Import/08042005/0067/1071,CISCI Catalyst 5509,USD,10852,13145,478030.6,58/05-06,5/05/2005,804223,23/04/2005,482242,,,FREE_OF_CHARGE,,104055,BANGALORE,33792093.51,,
unknown,STPIB/Import/31052005/0067/7495,Dell Laptop ,USD,30450,30450,1330665,59/05-06,23/06/2005,6717,2/06/2005,1343972,,,OUTRIGHT_PURCHASE,,153557,BANGALORE,32461428.51,Debonded - Ref STPI Approval 29175 dt 11/11/2011,Debonded as per Excise as well
unknown,STPIB/Import/06062005/0086/8150,RSA Network Security Tabs,USD,3750,3750,163875,60/05-06,23/06/2005,832374,13/06/2005,165513,,,FREE_OF_CHARGE,,57008,BANGALORE,32297553.51,,
unknown,cancel,,,,,,61/05-06,,,,,,,,,,BANGALORE,,,
unknown,cancel,,,,,,62/05-06,,,,,,,,,,BANGALORE,,,
unknown,STPIB/Import/22072005/0111/15386,Dell Lap Top,USD,22104,22104,965945,63/05-06,8/08/2005,868605,6/08/2005,975604,,,OUTRIGHT_PURCHASE,,111468,BANGALORE,31331608.51,Debonded - Ref STPI Approval 29175 dt 11/11/2011,Debonded as per Excise as well
unknown,STPIB/Import/17102005/0057/27451,Networking Accessories,USD,3615,3615,163759.5,64/05-06,13/12/2005,924196,3/11/2005,165397,,,OUTRIGHT_PURCHASE,,35249,BANGALORE,31167849.01,,
unknown,STPIB/Import/24012006/0044/42477,Printer & Accessories,USD,2165.87,2624,206377.6,65/05-06,8/02/2006,980267,25/01/2006,208394,,,FREE_OF_CHARGE,,43771,BANGALORE,30961471.41,,
unknown,cancel,,,,,,66/05-06,,,,,,,,,,BANGALORE,,,
unknown,STPIB/Import/21022006/0038/46590,Dell Latitude,USD,30960,30960,1376172,67/05-06,27/03/2006,999342,23/02/2006,1389933,,,OUTRIGHT_PURCHASE,,158808,BANGALORE,29585299.41,Debonded - Ref STPI Approval 29175 dt 11/11/2011,Debonded as per Excise as well
unknown,STPIB/Import/17022006/0126/46280,"External Sound Card, Elo touch screen & Dell Desktop",USD,1708,1708,76261,68/05-06,27/03/2006,104197,4/03/2006,77024,,,FREE_OF_CHARGE,,14388,BANGALORE,29509038.41,,
unknown,STPIB/Import/22042006/0050/3036,Projector,,3029,3029,84184,69/06-07,11/05/2006,143522,26/04/2006,,,,OUTRIGHT_PURCHASE,,31235.2,BANGALORE,29424854.41,,
unknown,STPIB/Import/12052006/0140/6665,"Sound Station 2 no-ex, Sound Station ",,0,73500,73500,70/06-07,24/05/2006,3785,23/05/2006,,,,OUTRIGHT_PURCHASE,,15792,BANGALORE,29351354.41,,
unknown,STPIB/Import/08062006/0199/10630 ,Dell Laptops,,57750,57750,2668050,71/06-07,21/06/2006,183197,20/06/2006,2694730.05,,,OUTRIGHT_PURCHASE,,450817.7,BANGALORE,26683304.41,,
unknown,STPI/Import/27062006/0140/13970,Part of computer accessories,,4870,4870,224994,72/06-07,13/07/2006,190783,29/06/2006,227243.94,,,OUTRIGHT_PURCHASE,,48430.81,BANGALORE,26458310.41,,
unknown,STPIB/Import/19072006/0104/17921,Dell Lap Tops,,33000,33000,1536150,73/06-07,27/07/2006,206976,20/07/2006,1551511.5,,,OUTRIGHT_PURCHASE,,189905.01,BANGALORE,24922160.41,,
unknown,STPIB/Import/22072005/0111/15386 (Ref bond # 63-05),Dell Lap Tops,,,,,74/06-07,,,,,,,OUTRIGHT_PURCHASE,,,BANGALORE,24922160.41,,
unknown,STPIB/Import/09082006/0040/21821 & STPIB/Import/03102006/0144/30875,RSA Secureid authenicator cards,,5025,5025,231903,75/06-07,8/12/2006,266317,9/10/2006,234222.79,,,OUTRIGHT_PURCHASE,64500000,73726.78,BANGALORE,89190257.41,,
unknown,STPIB/Import/03102006/0115/30844,Poly Com Conference Phones,,,58500,58500,76/06-07,13/10/2006,6654/06,13/10/2006,,,,OUTRIGHT_PURCHASE,,12593,BANGALORE,89131757.41,,
unknown,STPIB/Import/30102006/0046/34866,LTO 3 SCSI Driver 8 Slots Extrenal 68HD,,4368,4368,198962,77/06-07,9/11/2006,284273,2/11/2006,193223.1,,,OUTRIGHT_PURCHASE,,32795.37,BANGALORE,88932795.41,,
unknown,STPIB/Import/30102006/0047/34867,AL D620 Dell Latitude ,,8125,8125,370093.75,78/06-07,9/11/2006,284275,2/11/2006,373794.69,,,OUTRIGHT_PURCHASE,,61003.29,BANGALORE,88562701.66,,
unknown,STPIB/Import/30102006/0045/34865,Poly Com Conference Phones with sound station,,,69000,69000,79/06-07,9/11/2006,6455,7/11/2006,,,,OUTRIGHT_PURCHASE,,14616,BANGALORE,88493701.66,,
unknown,STPIB/Import/04122006/0011/40654,As-Pe 1955/Blade -Dell Powerage High,,20900,20900,939455,80/06-07,14/12/2006,311453,6/12/2006,948849.55,,,OUTRIGHT_PURCHASE,,116139.18,BANGALORE,87554246.66,,
unknown,STPIB/Import/04122006/0010/40653,TM Powerage,,10200,10200,458490,80/06-07,14/12/2006,311453,6/12/2006,463074.9,,,OUTRIGHT_PURCHASE,,56680.37,BANGALORE,87095756.66,,
unknown,STPIB/Import/04122006/0027/40672,High Performa,,4400,4400,197780,80/06-07,14/12/2006,311453,5/12/2006,199757.8,,,OUTRIGHT_PURCHASE,,24450.35,BANGALORE,86897976.66,,
unknown,STPIB/Import/04122006/0131/40792,Projector with Accessories (NEC),,3028,3028,87963.4,81/06-07,18/12/2006,312125,6/12/2006,,,,OUTRIGHT_PURCHASE,,27965.3,BANGALORE,86810013.26,,
unknown,STPIB/Import/05122006/0024/40896,Supper Stock 3870 48 Port,,3104,3104,139496.03,82/06-07,11/12/2006,312305,6/12/2006,140890.99,,,OUTRIGHT_PURCHASE,,23453.28,BANGALORE,86670517.23,,
unknown,STPIB/Import/08122006/0083/41663,AL D620 Dell Latitude ,,13024,13024,585428,83/06-07,17/01/2007,318447,13/12/2006,591283,,,OUTRIGHT_PURCHASE,,72373.05,BANGALORE,86085089.23,,
unknown,STPIB/Import/15032007/0104/56785,AL D620 Dell Latitude  (20 Nos),,32560,32560,1447292,84/06-07,29/03/2007,390650,17/03/2007,1461764.92,,,OUTRIGHT_PURCHASE,,180674.1,BANGALORE,84637797.23,,
unknown,STPIB/Import/13032007/0075/56265,Laptop with Accessorie (BT Financial Group),AUS,11873,11873,419685.1,85/06-07,23/03/2007,395527,23/03/2007,423881.95,,,FREE_OF_CHARGE,,51883.15,BANGALORE,84218112.13,,
unknown,STPIB/Import/21052007/0051/8458,AL -D620 Dell Latitude ( 10Nos),USD,16000,16000,671200,86/07-08,31/05/2007,453471,31/05/2007,677912,,,OUTRIGHT_PURCHASE,,83789.92,BANGALORE,83546912.13,,
unknown,STPIB/Import/16062007/0010/13426,Networking Equipment (Csco1064 - ASA5510 BUNK),USD,2500,2500,102250,87/07-08,29/06/2007,466442,16/06/2007,103272.5,,,OUTRIGHT_PURCHASE,,12764.5,BANGALORE,83444662.13,,
unknown,STPIB/Import/12062007/0128/12678,Printer - ND 40210 Ticket Printer,USD,5476,5476,223996,88/07-08,29/06/2007,9342,4/06/2007,226236,,,FREE_OF_CHARGE,,70752,BANGALORE,83220666.13,,
unknown,STPIB/Import/03072007/0129/16682,Dell Poweredge -1955 High Perform (Server),USD,8680,8680,356314,89/07-08,19/07/2007,487762,11/07/2007,359877.14,,,OUTRIGHT_PURCHASE,,44480.81,BANGALORE,82864352.13,,
unknown,STPIB/Import/06072007/0007/17431,Sharp Brand Projector,INR,55000,55000,55000,90/07-08,26/07/2007,11120,25/07/2007,55550,,,OUTRIGHT_PURCHASE,,18961,BANGALORE,82809352.13,,
unknown,STPIB/Import/04082007/0041/22830,Server with Accessories (Dell Power),USD,943,943,37833.15,91/07-08,17/08/2007,512206,8/08/2007,38211.48,,,OUTRIGHT_PURCHASE,,4722.94,BANGALORE,82771518.98,,
unknown,STPIB/Import/07082007/0129/23212,"Dell Poweredge -1955 High Perform (Server), Chassis",USD,41961,41961,1701517,92/07-08,17/08/2007,513805,10/08/2007,1718532.17,,,OUTRIGHT_PURCHASE,,212411.05,BANGALORE,81070001.98,,
unknown,STPIB/Import/24072007/0134/20517,AL D630 Dell Latitude  (5 Nos),USD,8140,8140,330077,93/07-08,17/08/2007,514789,13/08/2007,333377.77,,,OUTRIGHT_PURCHASE,,41205.49,BANGALORE,80739924.98,,
unknown,STPIB/Import/17082007/0070/2478,RSA Tocken Security Card,USD,3350,3350,138355,94/07-08,6/09/2007,532848,3/09/2007,139738.55,,,OUTRIGHT_PURCHASE,,36273.04,BANGALORE,80601569.98,,
unknown,STPIB/Import/24072007/0135/20519,VSX Polycom & Microphone,USD,12355,12355,421260,95/07-08,7/09/2007,535224,5/09/2007,425472.6,,,OUTRIGHT_PURCHASE,,92144.21,BANGALORE,80180309.98,,
unknown,STPIB/Import/28082007/0120/26283 STPIB/Import/28082007/0121/26285,Laptop with Accessorie AL - D -630 - 10Nos,USD,16000,16000,660800,96/07-08,13/09/2007,536827,7/09/2007,667408,,,OUTRIGHT_PURCHASE,,82671.62,BANGALORE,79519509.98,,
unknown,STPIB/Import/23102007/0050/35464,AW 490n - Dell Precision 490n,USD,25630,25630,1026481.5,97/07-08,2/11/2007,577888,25/10/2007,1036746.32,,,OUTRIGHT_PURCHASE,,170855.79,BANGALORE,78493028.48,,
unknown,STPIB/Import/26102007/0128/36445,Computer Server - As - AX1501,USD,15253,15253,607832.05,98/07-08,20/11/2007,592357,12/11/2007,613910.37,,,OUTRIGHT_PURCHASE,,75879.32,BANGALORE,77885196.43,,
unknown,STPIB/Improt//06122007/0026/42532,Apple Note Book Laptop with Accessorie ,USD,44900,44900,1626750.5,100/07-08,25/01/2008,615511,10/12/2007,1643018,,,OUTRIGHT_PURCHASE,,169799.1,BANGALORE,76148445.93,,
unknown,STPIB/Import/13122007/0061/43624,Laptop With Accessorie AL-D-630N ,USD,15280,15280,608908,101/07-08,28/12/2007,623968,18/12/2007,614997,,,OUTRIGHT_PURCHASE,,102916.07,BANGALORE,75539537.93,,
unknown,STPIB/Import/02012008/0042/46429,Server with Accessories AW- 390n,USD,5920,5920,235320,103/07-08,17/01/2008,638469,5/01/2008,237673.2,,,OUTRIGHT_PURCHASE,,29376.41,BANGALORE,75304217.93,,
unknown,STPIB/Import/17032008/0104/57711,Laptop With Accessorie Macbook,USD,80914,80914,3252742.8,104/07-08,10/04/2008,706377,24/03/2008,3285595.5,,,OUTRIGHT_PURCHASE,,567989,BANGALORE,72051475.13,,
unknown,STPIB/Import/14032008/0090/57444,Networking Equipment cables,USD,8337.72,8337.72,337678,105/07-08,27/03/2008,12581,27/03/2008,341054,,,OUTRIGHT_PURCHASE,,96708,BANGALORE,71713797.13,,
unknown,STPIB/Import/26022008/0034/54441,Laptop With Accessorie Macbook,USD,8831,355006.2,358591.76,106/08-09,10/04/2008,706367,24/03/2008,358591.7,,,FREE_OF_CHARGE,,62497,BANGALORE,71355205.37,,
unknown,STPIB/Import/26022008/0036/54443,Laptop With Accessorie AL-D-630N ,USD,19920,19920,813902.2,107/08-09,10/04/2008,721607,9/04/2008,805764,,,OUTRIGHT_PURCHASE,,137165.8,BANGALORE,70541303.17,,
unknown,STPIB/Import/14032008/0090/57444,Networking Equipment cables,USD,2059.1,2470.9,83394,108/08-09,11/04/2008,55/08,11/04/2008,84228,,,OUTRIGHT_PURCHASE,,24122,BANGALORE,70457909.17,,
unknown,STPIB/Import/13052008/0018/6472,RSA Tocken Security Card,USD,3350,3350,135675,109/08-09,21/05/2008,752369,14/05/2008,137045.32,,,OUTRIGHT_PURCHASE,,46024.9,BANGALORE,70322234.17,,
unknown,STPIB/Import/23052008/0056/7960,Dell Desktop computers,USD,17790,17790,766749,110/08-09,26/05/2008,203345,2/06/2008,774416.49,,,FREE_OF_CHARGE,,112655.92,BANGALORE,69555485.17,,
unknown,STPIB/Import/02062008/0062/9306,Dell Power Edge,USD,7291,7291,314242.1,111/08-09,2/06/2008,770225,5/06/2008,317384.5,,,OUTRIGHT_PURCHASE,,53112.4,BANGALORE,69241243.07,,
unknown,STPIB/Import/06062008/0111/10228,Dell Server,USD,17547,17547,756244.67,112/08-09,6/06/2008,773721,10/06/2008,763807.11,,,LOAN_BASIS,,128735.1,BANGALORE,68484998.4,,
unknown,STPIB/Import/02062008/0034/9271,Laptop with Accessories with Mac book,USD,56689,55686,2443258.03,113/08-09,2/06/2008,784118,21/06/2008,2467691.44,,,OUTRIGHT_PURCHASE,,415914.6,BANGALORE,66041740.37,,
unknown,STPIB/Import/21042008/0015/2809,Digium Card,USD,1425,1445,62971,114/08-09,20/03/2008,1795/08,11/04/2008,63610,,,OUTRIGHT_PURCHASE,,12083,BANGALORE,65978769.37,,
unknown,STPIB/Import/19062008/0061/11991,Laptop AL - D630N,USD,8515,8515,354066.54,115/08-09,19/06/2008,790548,20/06/2008,357607.18,,,OUTRIGHT_PURCHASE,,52182,BANGALORE,65624702.83,,
unknown,STPIB/Import/17072008/16362,Laptop with Accesseries,USD,30600,30600,1321920,116/08-09,17/07/2008,812219,23/07/2008,1335139,,,OUTRIGHT_PURCHASE,,225029.7,BANGALORE,64302782.83,,
unknown,STPIB/Import,IP Desktop phone with Accessproes,USD,,,173865,117/08-09,12/06/2008,407,8/08/2008,175604,,,OUTRIGHT_PURCHASE,,34149,BANGALORE,64128917.83,,
unknown,STPIB/Import/23092008/0126/26059,Dell Power Edge AS-MD 3000I,USD,5800,5800,253750,01/08-09,10/10/2008,861101,20/09/2008,256287.5,,,LOAN_BASIS,,48687,BANGALORE,63875167.83,,
unknown,STPIB/Import/23092008/0094/26003,Server wih accessories (DDR -266) Buffered,USD,3844,3844,168175,02/08-09,10/10/2008,860118,19/08/2008,169856.75,,,LOAN_BASIS,,32267.3,BANGALORE,63706992.83,,
unknown,STPIB/Import/26082008/0098/22171,Dell Laptop with Accessories,USD,15370,15370,653993.5,03/08-09,10/10/2008,842274,28/08/2008,660533.44,,,OUTRIGHT_PURCHASE,,111328.9,BANGALORE,63052999.33,,
unknown,STPIB/Import/23092008/0094/26003,Monitor with Accessories,USD,1640,1640,69782,04/08-09,10/10/2008,830896,14/08/2008,70479.82,,,OUTRIGHT_PURCHASE,,13389,BANGALORE,62983217.33,,
unknown,STPIB/Import/06052009/0051/3949,Laptop with Accessories with Mac book,USD,55919,55919,2379353.45,05/08-09,30/08/2008,843315,29/08/2009,2403146,,,OUTRIGHT_PURCHASE,,412056,BANGALORE,60603863.88,,
unknown,STPIB/Import/19122008/0053/38294,Server wih accessories (Dell -2900) Power ege,USD,30455,30455,1530363.75,06/08-09,31/12/2008,936165,23/12/2009,1545667.39,,,FREE_OF_CHARGE,,194284,BANGALORE,59073500.13,,
unknown,STPIB/Import/23092008/0127/26060,Server wih accessories (Dell -1955) Power ege,USD,666,666,33466.5,07/08-09,31/12/2008,922712,5/12/2008,33801.17,,,FREE_OF_CHARGE,,5696,BANGALORE,59040033.63,,
unknown,STPIB/Import/06052009/0050/3947,Vedio Conference equipment,USD,10608,10608,533052,08/08-09,9/01/2009,940360,29/12/2008,538382.52,,,OUTRIGHT_PURCHASE,,144536,BANGALORE,58506981.63,,
unknown,STPIB/Import/06052009/0054/3953,Server - Mount Server - 2950MLK,USD,4307,4307,207597,09/08-09,26/01/2009,95585,22/01/2009,209673.37,,,OUTRIGHT_PURCHASE,,50832,BANGALORE,58299384.63,,
unknown,STPIB/Import/06052009/0053/3952,Server - Optical drive with Accessories,USD,4000,4000,192800,09/08-09,26/01/2009,95585,22/01/2009,194728,,,OUTRIGHT_PURCHASE,,46023,BANGALORE,58106584.63,,
unknown,STPIB/Import/06052009/0048/3945,Server - AS-2161DS- AS21610S,USD,6095,6095,299874,10/08-09,10/02/2009,967089,10/02/2009,302922.43,,,OUTRIGHT_PURCHASE,,44564,BANGALORE,57806710.63,,
unknown,STPIB/Import/06052009/0056/3956,Dell - KS -PE-2900 - with Accessories,USD,1000,1000,49200,11/08-09,16/02/2009,969854,13/02/2009,49692,,,OUTRIGHT_PURCHASE,,6248,BANGALORE,57757510.63,,
unknown,STPIB/Import/06052009/0049/3946,Server wih accessories (Dell -2950M),USD,10405,10405,511926,12/08-09,19/02/2009,972975,18/02/2009,516997.5,,,OUTRIGHT_PURCHASE,,64984,BANGALORE,57245584.63,,
unknown,STPIB/Import/06052009/0052/3951,Server wih accessories (Dell -2950M),USD,2030,2030,102109,13/08-09,9/03/2009,984845,6/03/2009,103130.09,,,OUTRIGHT_PURCHASE,,12964,BANGALORE,57143475.63,,
unknown,STPIB/Import/25052009/0058/6163,Dell KS- MD30001 Power Vault,USD,1163,1163,58498.9,14/09-10,1/06/2009,140835,27/05/2009,59083.89,,,OUTRIGHT_PURCHASE,,,BANGALORE,57084976.73,,140835 dt 27-May-09
unknown,STPIB/Import/06052009/0055/3955,Laptop Dell -E-6500N series,INR,800000,800000,800000,15/09-10,8/06/2009,701964,5/06/2009,800000,,,OUTRIGHT_PURCHASE,,,BANGALORE,56284976.73,,701964 dt 05-Jun-09
unknown,STPIB/Import/21052009/0062/5719,Laptop Dell -E-6400N series,INR,612000,612000,612000,16/09-10,24/06/2009,702058,12/06/2009,612000,,,OUTRIGHT_PURCHASE,,,BANGALORE,55672976.73,,702058 dt 12-Jun-09
unknown,STPIB/Import/04062009/0087/7652,Server with Accessories( T610S),USD,12076,12076,578440.4,17/09-10,24/06/2009,155691,17/06/2009,584282.65,,,OUTRIGHT_PURCHASE,,,BANGALORE,55094536.33,,155691 dt 17-Jun-09
unknown,STPIB/Import/21052009/0063/5721,Laptop with Accessories (E6500n),INR,800000,800000,800000,18/09-10,6/07/2009,702292,6/07/2009,800000,,,OUTRIGHT_PURCHASE,,,BANGALORE,54294536.33,,702292 dt 06-Jul-09
unknown,STPIB/Import/16062009/0080/9007,Desktop with aessories AWT5500N,INR,750000,750000,750000,19/09-10,6/07/2009,702329,1/07/2009,757575,,,OUTRIGHT_PURCHASE,,,BANGALORE,53544536.33,,702329 dt 01-Jul-09
unknown,STPIB/Import/22062009/0003/9573,Laptop with Accessories (E6400n),INR,489600,489600,489600,20/09-10,7/07/2009,702420,5/07/2009,494544,,,OUTRIGHT_PURCHASE,,32274,BANGALORE,53054936.33,,702420 dt 05-Jul-09
unknown,STPIB/Import/13072009/0097/12440,Laptop with Accessories (E6500n),INR,800000,800000,800000,21/09-10,29/07/2009,702668,19/07/2009,808080,,,OUTRIGHT_PURCHASE,,52736,BANGALORE,52254936.33,,702668 dt 19-Jul-09
unknown,STPIB/Import/22062009/0004/9574,Laptop with Accessories (E6500n),INR,960000,960000,960000,22/09-10,21/07/2009,702669,19/07/2009,969696,,,OUTRIGHT_PURCHASE,,63283,BANGALORE,51294936.33,,702669 dt 19-Jul-09
unknown,STPIB/Import/13072009/0096/12439,Laptop with Accessories (E6400n),INR,918000,918000,918000,23/09-10,24/07/2009,702717,22/07/2009,927271,,,OUTRIGHT_PURCHASE,,60515,BANGALORE,50376936.33,,702717 dt 22-Jul-09
unknown,STPIB/Import/12082009/0051/16230,Comupter Hardware (UM402),USD,1948,1948,94867.6,24/09-10,19/08/2009,1999690,18/08/2009,95816.276,,,OUTRIGHT_PURCHASE,,12044,BANGALORE,50282068.73,,1999690 dt 18-Aug-09
unknown,STPIB/Import/19082009/0074/17150,Computer with Accessories (KS-MD3000I),USD,2248,2248,109477.6,25/09-10,22/08/2009,202779,21/08/2009,110572,,,FREE_OF_CHARGE,,13899,BANGALORE,50172591.13,,202779 dt 21-Aug-09
unknown,STPIB/Import/12082009/0048/16219,Computer with Accessories (KS-MD3000I),USD,2773,2773,135045.1,26/09-10,20/08/2009,200209,18/08/2009,136395,,,FREE_OF_CHARGE,,17144,BANGALORE,50037546.03,,200209 dt 18-Aug-09
unknown,STPIB/Import/12082009/0050/16224,Server with Accessories( R710),USD,6612,6612,322004.4,27/09-10,20/08/2009,199992,18/08/2009,325224,,,OUTRIGHT_PURCHASE,,40880,BANGALORE,49715541.63,,199992 dt 18-Aug-09
unknown,STPIB/Import/28082009/0039/18304,Laptop with Accessories (E6400n),INR,325000,325000,325000,28/09-10,22/09/2009,703488,12/09/2009,325000,,,OUTRIGHT_PURCHASE,,21424,BANGALORE,49390541.63,,703488 dt 12-Sep-09
unknown,STPIB/Import/25082009/0016/17758,Laptop with Accessories (E6500n),INR,800000,800000,800000,29/09-10,22/10/2009,704055,7/10/2009,800000,,,OUTRIGHT_PURCHASE,,52736,BANGALORE,48590541.63,,704055 dt 07-Oct-09
unknown,STPIB/Import/08102009/0041/23332,Laptop with Accessories (E6400n),INR,325000,325000,325000,30/09-10,28/10/2009,704288,21/10/2009,325000,,,OUTRIGHT_PURCHASE,,21424,BANGALORE,48265541.63,,704288 dt 21-Oct-09
unknown,STPIB/Import/07102009003123161,Laptop with Accessories (E6500n),INR,800000,800000,800000,31/09-10,28/10/2009,704332,23/10/2009,800000,,,OUTRIGHT_PURCHASE,,52736,BANGALORE,47465541.63,,704332 dt 23-Oct-09
unknown,STPIB/Import/15102009/0028/24342,Mac-book Laptop with Accessories,USD,1880,1880,91368,32/09-10,26/11/2009,243966,16/10/2009,92290.8,,,OUTRIGHT_PURCHASE,,11599,BANGALORE,47374173.63,,243966 dt 16-Oct-09
unknown,STPIB/Import/23102009/0020/25295,Networking equipments,USD,53735,53735,2611521,33/09-10,19/11/2009,251647,27/10/2009,2637897,,,OUTRIGHT_PURCHASE,,332579,BANGALORE,44762652.63,,251647 dt 27-Oct-09
unknown,STPIB/Import/19112009/0007/29298,Redington Server with Accessories,USD,14234,14234,673268.2,34/09-10,21/11/2009,270560,20/11/2009,680068,,,OUTRIGHT_PURCHASE,,85473,BANGALORE,44089384.43,,270560 dt 20-Nov-09
unknown,STPIB/Import/21102009/0059/25018,Monitor with Accessories,INR,265200,265200,265200,35/09-10,30/11/2009,704964,28/11/2009,265200,,,OUTRIGHT_PURCHASE,,33668,BANGALORE,43824184.43,,704964 dt 28-Nov-09
unknown,STPIB/Import/26112009/0073/30587,Laptop with accessories,INR,733500,733500,733500,36/09-10,8/12/2009,705130,7/12/2009,733500,,,OUTRIGHT_PURCHASE,,48352,BANGALORE,43090684.43,,705130 dt 07-Dec-09
unknown,STPIB/Import/26112009/0072/30586,Laptop with Accessories,INR,845000,845000,845000,37/09-10,10/12/2009,705168,8/12/2009,845000,,,OUTRIGHT_PURCHASE,,56131,BANGALORE,42245684.43,,705168 dt 08-Dec-09
unknown,STPIB/Import/16122009/0028/33221,Laptop with Accessories,USD,8150,8150,384680,38/09-10,12/01/2010,100184,11/01/2010,388565.27,,,OUTRIGHT_PURCHASE,,25358,BANGALORE,41861004.43,,100184 dt 11-Jan-10
unknown,STPIB/Import/11012010/0031/36452,Desktop with Accessories,INR,843378,843378,843378,39/09-10,25/01/2010,100469,22/01/2010,843378,,,OUTRIGHT_PURCHASE,,69494,BANGALORE,41017626.43,,100469 dt 22-Jan-10
unknown,STPIB/Import/23122009/0121/34506,Computer System with Accessories,USD,1574,1574,74292.8,40/09-10,25/01/2010,316200,20/01/2010,75043.15,,,OUTRIGHT_PURCHASE,,7285.16,BANGALORE,40943333.63,,316200 dt 20-Jan-10
unknown,STPIB/Import/30122009/0122/35110,Server with Accessories,USD,5564,5564,262620.8,40/09-10,25/01/2010,316200,20/01/2010,265273.27,,,OUTRIGHT_PURCHASE,,7285.16,BANGALORE,40680712.83,,316200 dt 20-Jan-10
unknown,STPIB/Import/30122009/0146/35159,Server with Accessories,USD,4000,4000,188800,40/09-10,25/01/2010,316200,20/01/2010,190706.88,,,OUTRIGHT_PURCHASE,,7285.16,BANGALORE,40491912.83,,316200 dt 20-Jan-10
unknown,STPIB/Import/30122009/0145/355155,Server with Accessories,USD,12000,12000,566400,40/09-10,25/01/2010,316200,20/01/2010,566401.01,,,OUTRIGHT_PURCHASE,,7285.16,BANGALORE,39925512.83,,316200 dt 20-Jan-10
unknown,STPIB/Import/23122009/0119/34504,Parts of Computers & Accessories,USD,6009,6009,283624.8,40/09-10,25/01/2010,316200,20/01/2010,286489.41,,,OUTRIGHT_PURCHASE,,7285.16,BANGALORE,39641888.03,,316200 dt 20-Jan-10
unknown,STPIB/Import/21012010/0087/38241,Parts of Computers ,USD,33,33,1557.6,40/09-10,25/01/2010,316200,20/01/2010,1573.33,,,OUTRIGHT_PURCHASE,,7285.16,BANGALORE,39640330.43,,316200 dt 20-Jan-10
unknown,STPIB/Import/30122009/0144/35151,Monitor with Accessories,INR,83720,83720,83720,41/09-10,15/01/2010,100450,22/01/2010,80499.65,,,OUTRIGHT_PURCHASE,,8960,BANGALORE,39556610.43,,100450 dt 22-Jan-10
unknown,STPIB/EXCISEDUTY/15012010/001/37255,Networking equipments with Accessories,INR,1673516,1673516,1673516,42/09-10,25/01/2010,257,25/01/2010,1673516,,,OUTRIGHT_PURCHASE,,346263,BANGALORE,37883094.43,,257 dt 25-Jan-10
unknown,STPIB/Import/25012010/0037/38724,Laptop with Accessories,INR,235095,235095,235095,43/09-10,4/02/2010,100654,3/02/2010,235095,,,OUTRIGHT_PURCHASE,,15497,BANGALORE,37647999.43,,100654 dt 03-Feb-10
unknown,STPIB/Import/22012010/0014/38333,Monitor with Accessories,INR,177615,177615,177615,44/09-10,9/02/2010,100639,2/02/2010,170783.52,,,OUTRIGHT_PURCHASE,,19008,BANGALORE,37470384.43,,100639 dt 02-Feb-10
unknown,STPIB/Import/15012010/0029/37146,Networking Equipment with Accessories,USD,8160,8160,380256,45/09-10,25/01/2010,326328,2/02/2010,384096.58,,,OUTRIGHT_PURCHASE,,52559,BANGALORE,37090128.43,,326328 dt 02-Feb-10
unknown,STPIB/Import/27012010/0057/38970,Networking Equipment with Accessories,INR,5600000,5600000,5600000,46/09-10,22/02/2010,321286,27/01/2010,5600000,,,OUTRIGHT_PURCHASE,,775584,BANGALORE,31490128.43,,321286 dt 27-Jan-10
unknown,STPIB/Import/19012010/0028/37538,Desktop with Accessories,USD,7264,7264,342860,47/09-10,22/02/2010,321701,27/01/2010,346322.88,,,OUTRIGHT_PURCHASE,,84436,BANGALORE,31147268.43,,321701 dt 27-Jan-10
unknown,STPIB/Import/22012010/0013/38332,Communication Racks,USD,9798,9798,456586.8,48/09-10,22/02/2010,223016,12/02/2010,461198.32,,,OUTRIGHT_PURCHASE,,112621,BANGALORE,30690681.63,,223016 dt 12-Feb-10
unknown,STPIB/Impot/05012010/0100/35744,Antistatic Carpet,USD,24750,24750,1153350,49/09-10,22/02/2010,223028,12/02/2010,1164998.83,,,OUTRIGHT_PURCHASE,,236028,BANGALORE,29537331.63,,223028 dt 12-Feb-10
unknown,STPIB/Impot/18012010/0015/37324,Part of Printer,USD,5901,5901,274986.6,50/09-10,24/02/2010,340477,18/02/2010,277763,,,OUTRIGHT_PURCHASE,,59767,BANGALORE,29262345.03,,340477 dt 18-Feb-10
unknown,STPIB/Impot/05012010/0100/35744,Video Euipments with Access,USD,6826,6826,318091.6,51/09-10,8/03/2010,332685,9/02/2010,321304,,,OUTRIGHT_PURCHASE,,78455,BANGALORE,28944253.43,,332685 dt 09-Feb-10
unknown,STPIB/Impot/10022010/0074/40940,Dell AW- T3500n Precision ,USD,7264,7264,338502.4,52/09-10,8/03/2010,335046,8/03/2010,341920,,,OUTRIGHT_PURCHASE,,42974,BANGALORE,28605751.03,,335046 dt 08-Mar-10
unknown,STPIB/Import/02032010/0074/43137,Mac-book Laptop with Accessories,USD,10820,10820,504753,53/09-10,11/03/2010,350867,4/03/2010,509851,,,OUTRIGHT_PURCHASE,,75002,BANGALORE,28100998.03,,350867 dt 04-Mar-10
unknown,STPIB/Import/13032010/0004/44721,Remote Access Point License,USD,10550,10550,492157.5,54/09-10,24/03/2010,361876,17/03/2010,497128,,,OUTRIGHT_PURCHASE,,73130,BANGALORE,27608840.53,,361876 dt 17-Mar-10
unknown,STPIB/Import/13032010/0005/44722,Wireless equipment ,USD,12505,12505,583358.25,1/10-11,6/04/2010,375297,31/03/2010,583358.25,,,OUTRIGHT_PURCHASE,,86682,BANGALORE,27608840.53,,
unknown,STPIB/Import/18032010/0041/45161,Sound Station ,USD,4087,4087,187593.3,2/10-11,15/04/2010,382391,9/04/2010,187593.3,,,OUTRIGHT_PURCHASE,,32681,BANGALORE,27421247.23,,
unknown,STPIB/Import/30032010/0046/47023,AS-PER510(X8) Poweredge R510,INR,2566960,2566960,2566960,3/10-11,15/04/2010,101973,9/04/2010,2566960,,,OUTRIGHT_PURCHASE,,26440,BANGALORE,24854287.23,,
unknown,STPIB/Import/13032010/0002/44719,Laptop with Acces E6500n,INR,156730,156730,158297,4/10-11,15/04/2010,101961,9/04/2010,158297,,,OUTRIGHT_PURCHASE,,12915,BANGALORE,24695990.23,,
unknown,STPIB/Import/13032010/0003/44720,Laptop with Accessiories E6400n,INR,309520,309520,309520,5/10-11,26/04/2010,102337,17/04/2010,309520,,,OUTRIGHT_PURCHASE,,25504,BANGALORE,24386470.23,,
unknown,STPIB/Import/23032010/0042/45871,UPS System with Accessories,INR,405000,405000,405000,6/10-11,26/04/2010,5934,13/04/2010,306660,,,OUTRIGHT_PURCHASE,,73276,BANGALORE,23981470.23,,
unknown,STPIB/Import/23032010/0042/45871,SMF Batteries Rocket,INR,,101376,101376,7/10-11,26/04/2010,5932,13/04/2010,101376,,,OUTRIGHT_PURCHASE,,27490,BANGALORE,23880094.23,,
unknown,STPIB/Import/20042010/0030/2418,Video Conference equipment,USD,8091,8091,371376.9,8/10-11,27/04/2010,391478,21/04/2010,371376.9,,,FREE_OF_CHARGE,,100695,BANGALORE,23508717.33,,
unknown,STPIB/Import/23032010/0042/45871,Laptop with Accessiories E6400n/6500/4300,INR,1244950,1232624,1232624,9/10-11,29/04/2010,102420,20/04/2010,1232624,,,OUTRIGHT_PURCHASE,,101568,BANGALORE,22276093.33,,
unknown,STPIB/Import/23042010/0032/2970,Networking equipment,USD,5264,5264,241617.6,10/10-11,30/04/2010,396238,27/04/2010,241617.6,,,OUTRIGHT_PURCHASE,,36687,BANGALORE,22034475.73,,
unknown,STPIB/Import/23042010/0033/2971,Communication Equpiment ,USD,8355,8355,383494.5,11/10-11,29/04/2010,395884,27/04/2010,387367,,,OUTRIGHT_PURCHASE,,61271,BANGALORE,21650981.23,,
unknown,STPIB/23042010/0031/2968,Laptop with Accessories,INR,684069,684069,684069,12/10-11,14/05/2010,102952,12/05/2010,684069,,,OUTRIGHT_PURCHASE,,64823,BANGALORE,20966912.23,,
unknown,STPIB/22052010/0063/6750,Printer with Accessories,USD,6100,6100,291885,13/10-11,23/06/2010,439965,16/06/2010,294803.85,,,OUTRIGHT_PURCHASE,,70443,BANGALORE,20675027.23,,
unknown,STPIB/22062010/0044/11509,ASA-5520- Bun-K9 Server,USD,7117,7117,340548.45,14/10-11,28/06/2010,445837,23/06/2010,343953.93,,,OUTRIGHT_PURCHASE,,50602,BANGALORE,20334478.78,,
unknown,STPIB/Import/15022010/0045/41369,ASA-5520- Bun-K9 Server (NWCS0210),USD,7117,7117,319553.3,15/10-11,30/06/2010,412567,15/05/2010,322748.83,,,OUTRIGHT_PURCHASE,,47483,BANGALORE,20014925.48,,
unknown,STPIB/Import/22062010/0138/11635,Sound Station -IP 700 (SIP),USD,2391,2391,114367.72,16/10-11,30/06/2010,447441,25/06/2010,115511.4,,,OUTRIGHT_PURCHASE,,16994,BANGALORE,19900557.76,,
unknown,STPIB/Import/02062010/0195/8331,AL-E6500N Dell Laptop with accessories,USD,1472474,1472474,1472474,17/10-11,30/06/2010,103959,22/06/2010,1472474,,,OUTRIGHT_PURCHASE,,139531,BANGALORE,18428083.76,,
unknown,STPIB/Import/29062010/0077/12590,APPC0118 - MC374HN/A,USD,1574,1574,73899.3,18/10-11,14/07/2010,458773,8/07/2010,74638.29,,,OUTRIGHT_PURCHASE,,2745,BANGALORE,18354184.46,,
unknown,STPIB/Import/25062010/0059/12126,AS-Per710/3.5 Server ,INR,523954,523954,523954,19/10-11,23/07/2010,104440,13/07/2010,523954,,,OUTRIGHT_PURCHASE,,53967,BANGALORE,17830230.46,,
unknown,STPIB/Import/25062010?0064?12133,AL-E6410 Dell Laptop with Accessiories,INR,309520,309520,309520,20/10-11,23/07/2010,104474,14/07/2010,309520,,,OUTRIGHT_PURCHASE,,29330,BANGALORE,17520710.46,,
unknown,STPIB/import/13072010/0090/14632,ASPER-710/3.5 Dell Power edge,USD,20770,20770,975151.5,21/10-11,23/07/2010,465055,15/07/2010,984903.2,,,OUTRIGHT_PURCHASE,22400000,36225,BANGALORE,38945558.96,,
unknown,STPIB/Import/13072010/0091/14633,ASPER-710/3.5 Dell Power edge,USD,21024,21024,957076.8,22/10-11,23/07/2010,465056,15/07/2010,996947.57,,,OUTRIGHT_PURCHASE,,36668,BANGALORE,37988482.16,,
unknown,STPIB/Import/16072010/0125/15196,APPC0113- Macbook,USD,41002,41002,1925043.9,23/10-11,23/07/2010,466824,17/07/2010,1944294,,,OUTRIGHT_PURCHASE,,71511,BANGALORE,36063438.26,,
unknown,STPIB/Import/25062010/0061/12129,AL-E6510N Dell Laptop,INR,313460,313460,313460,24/10-11,29/07/2010,104501,15/07/2010,313460,,,OUTRIGHT_PURCHASE,,29704,BANGALORE,35749978.26,,
unknown,STPIB/Import/16072010/0020/15056,Monitor with Accessories,INR,148537,148537,148537,25/10-11,21/08/2010,105224,20/08/2010,150023,,,OUTRIGHT_PURCHASE,,17826,BANGALORE,35601441.26,,
unknown,STPIB/Import/25082010/0042/20934,ASA-5520 Appliance SW HA (Networking),USD,13938,13938,453033,26/10-11,7/09/2010,21608,31/08/2010,457563,,,OUTRIGHT_PURCHASE,,67373,BANGALORE,35148408.26,,
unknown,STPIB/Import/25082010/0047/20939,Laptop with Accessories (E6410 Base),INR,185712,185712,185712,27/10-11,27/09/2010,105973,16/09/2010,185711,,,OUTRIGHT_PURCHASE,,17598,BANGALORE,34962696.26,,
unknown,STPIB/Import/25082010/0040/20932,Laptop with Accessories (E6410 Base),INR,626920,626920,626920,28/10-11,7/10/2010,106262,23/09/2010,626920,,,OUTRIGHT_PURCHASE,,59407,BANGALORE,34335776.26,,
unknown,STPIB/Import/25082010/0049/20941,Laptop with Accessories (E6410 Base),INR,1175475,1175475,1175475,29/10-11,7/10/2010,106264,23/09/2010,1175475,,,OUTRIGHT_PURCHASE,,111388,BANGALORE,33160301.26,,
unknown,STPIB/Import/25082010/0044/20936,Laptop with Accessories (E6410 Base),INR,309520,309520,309520,30/10-11,7/10/2010,106472,30/09/2010,309520,,,OUTRIGHT_PURCHASE,,29330,BANGALORE,32850781.26,,
unknown,STPIB/Import/07092010/0057/22570,"Monitor with Accessories (ST2410 24""full HD)",INR,109423,109423,105215,31/10-11,8/10/2010,106548,4/09/2010,105215,,,OUTRIGHT_PURCHASE,,14993,BANGALORE,32745566.26,,
unknown,STPIB/Import/29092010/0050/25610,Laptop - Macbook Pro,USD,7767,7767,354175.2,33/10-11,15/10/2010,2230404,15/10/2010,357717,,,OUTRIGHT_PURCHASE,,52627,BANGALORE,32146427.86,,
unknown,STPIB/Import/04102010/0055/26202,Laptop - Macbook Pro,USD,19708,19708,898684.8,34/10-11,15/10/2010,2241513,8/10/2010,907672,,,OUTRIGHT_PURCHASE,,233304.68,BANGALORE,31247743.06,,
unknown,STPIB/Import/10112010/003131050,Ratain server - DPXS12A,USD,21636,21636,971456.4,35/10-11,20/11/2010,2325738,12/11/2010,981170.96,0.004,,OUTRIGHT_PURCHASE,,147309,BANGALORE,30276286.66,,
unknown,STPIB/Import/10112010/0030/31049,ASA- 5520 Networking ,USD,13863,13863,614130.9,36/10-11,25/11/2010,2348236,21/11/2010,623673,-3400.791,,OUTRIGHT_PURCHASE,,34511,BANGALORE,29662155.76,,
unknown,STPIB/Import/14122010/0105/36010,Dell Latitude E-6410,USD,6520,6520,300898,38/10-11,23/12/2010,2456630,20/12/2010,303909.78,,,OUTRIGHT_PURCHASE,,44711,BANGALORE,28980520.26,,
unknown,STPIB/Import/08122010/0123/35176,Dell server - R510Rack mount server x8,USD,88000,88000,4061200,39/10-11,23/12/2010,2426833,13/12/2010,4101765.86,46.14,,OUTRIGHT_PURCHASE,,603452,BANGALORE,24919320.26,,
unknown,STPIB/Import/14122010/0107/36013,Dell Latitude E6510,USD,18150,18150,837622.5,40/10-11,24/12/2010,2456546,20/12/2010,846003.85,,,OUTRIGHT_PURCHASE,,124464,BANGALORE,24081697.76,,
unknown,STPIB/Import/14122010/0106/36011,Dell Latitude E6410,USD,10432,10432,481436.8,41/10-11,24/12/2010,2456854,20/12/2010,486254.9,,,OUTRIGHT_PURCHASE,,71538,BANGALORE,23600260.96,,
unknown,STPIB/Import/16122010/0099/36461,Dell Latitude E -4310,USD,1633,1633,75362.95,42/10-11,24/12/2010,2459107,21/12/2010,76117.05,,,OUTRIGHT_PURCHASE,,11198,BANGALORE,23524898.01,,
unknown,STPIB/Import/22122010/0155/37207,Sound Station IP 7000,USD,2989,2989,112468.65,43/10-11,4/01/2011,2489105,27/12/2010,120731.14,,,OUTRIGHT_PURCHASE,,17762,BANGALORE,23412429.36,,
unknown,STPIB/Import/22122010/0156/37208,Sound Station IP 7000,USD,9963,9963,399575.26,44/10-11,10/01/2011,2484931,17/12/2010,402437,,,OUTRIGHT_PURCHASE,,59207,BANGALORE,23012854.1,,
unknown,STPIB/Import/14122010/0109/36015,Laptop Macbook pro,USD,26863,26863,1224952.8,45/10-11,17/01/2011,2539716,6/01/2011,1237202.32,,,OUTRIGHT_PURCHASE,,182017,BANGALORE,21787901.3,,
unknown,STPIB/Import/06012011/0083/39045,Laptop Macbook pro,USD,24683,24683,1125544.8,46/10-11,12/01/2011,2553669,10/01/2011,1136800.25,,,OUTRIGHT_PURCHASE,,167246,BANGALORE,20662356.5,,
unknown,STPIB/Import/19012011/0082/40451,Dell Precision T3500 Chassis,USD,6929,6929,315962.4,47/10-11,1/02/2011,2622385,20/01/2011,319110,,,OUTRIGHT_PURCHASE,,46947,BANGALORE,20346394.1,,
unknown,STPIB/Import/05012011/012/38869,Summit X 460-48T,USD,32798,32798,1495588.8,48/10-11,2/02/2011,2581605,13/01/2011,1510515,,,OUTRIGHT_PURCHASE,,233473,BANGALORE,18850805.3,,
unknown,STPIB/Import/19012011/0084/40453,Dell Power Edge R-710Rack Mount server,USD,6220,6220,283632,49/10-11,2/02/2011,2622190,20/01/2011,286468.32,,,OUTRIGHT_PURCHASE,,42145,BANGALORE,18567173.3,,
unknown,STPIB/Import/24012011/0031/40866,Macbook Pro - Appco112,USD,2283,2283,104903.85,50/10-11,21/02/2011,2765873,10/02/2011,105952,,,OUTRIGHT_PURCHASE,,15588,BANGALORE,18462269.45,,
unknown,STPIB/Import/24012011/0030/40864,Macbook Pro - Appco112,USD,8807,8807,404681.65,51/10-11,21/02/2011,2765874,14/02/2011,408728.48,,,OUTRIGHT_PURCHASE,,60132,BANGALORE,18057587.8,,
unknown,STPIB/Import/08032011/0057/46179,Access Point License,USD,1826,1826,83448.2,52/10-11,22/03/2011,2977612,16/03/2011,84282.67,,,OUTRIGHT_PURCHASE,,12559,BANGALORE,17974139.6,,
unknown,STPIB/Import/18032011/0020/47633,Dell Server - R710Rack mount server ,USD,7214,7214,329679.8,53/10-11,29/03/2011,3013171,23/03/2011,332939.67,36.928,,OUTRIGHT_PURCHASE,,48982,BANGALORE,17644459.8,,
unknown,STPIB/Import/18032011/0019/47632,Dell Server R-610 Rack mount server,USD,6780,6780,309846,54/10-11,29/03/2011,3013165,23/03/2011,312944.46,0,,OUTRIGHT_PURCHASE,,46040,BANGALORE,17334613.8,,
unknown,STPIB/Import/13052011/0092/5729 Dt.13-5-2011,Dell Poweredge R-610 Rack mount server,USD,6701,6701,248933.24,01/11-12,6/06/2011,3581195,23/05/2011,251422.58,,,OUTRIGHT_PURCHASE,,36989,BANGALORE,17085680.56,,
unknown,STPIB/Import/21042011/0050/2804  Dt.21-4-2011,Sun Storage Equipment,USD,65560,65560,2950200,02/11-12,6/06/2011,3576120,23/05/2011,2979702,,,OUTRIGHT_PURCHASE,,438374,BANGALORE,14135480.56,,
unknown,STPIB/Import/12052011/0034/5449 Dt.12-5-2011,Dell Monitor with LED Future,USD,3265,2695,121275,03/11-12,6/06/2011,3570571,21/05/2011,122487.75,,,OUTRIGHT_PURCHASE,,18021,BANGALORE,14014205.56,,
unknown,STPIB/Import/20052011/0096/6669,Dell Precision T3500 Chassis,USD,13300,13300,598500,04/11-12,6/06/2011,3637126,28/05/2011,604485,,,OUTRIGHT_PURCHASE,,88932,BANGALORE,13415705.56,,
unknown,STPIB/Import/20052011/0097/6671 & 6672 Dt.20-5-2011,Dell Lattitued E -6420 & E-6520,USD,24592,24592,1106640,05/11-12,6/06/2011,3591164,24/05/2011,1117706.4,,,OUTRIGHT_PURCHASE,,164437,BANGALORE,12309065.56,,
unknown,STPIB/Import/06062011/0033/8779,R710 Rack Mount Server,USD,10500,10500,479325,06/11-12,14/06/2011,3738358,8/06/2011,484118.25,,,OUTRIGHT_PURCHASE,,71223,BANGALORE,11829740.56,,
unknown,STPIB/Import/06062011/0032/8778  Dt.6-6-2011,R710 Rack Mount Server,USD,16958,16958,639100,07/11-12,14/06/2011,3737382,8/06/2011,645491,,,OUTRIGHT_PURCHASE,,94965,BANGALORE,11190640.56,,
unknown,STPIB/Import/20052011/0099/6673& 0100/6674 Dt.20-5-2011,Dell Latitude E-6420,USD,11400,11400,520410,08/11-12,28/06/2011,3837967,20/06/2011,525614,,,OUTRIGHT_PURCHASE,,77328,BANGALORE,93670230.56,,
unknown,STPIB/Import/02062011/0076/8391 Dt.2-6-2011,"Mac Book Pro (15"")",USD,26201,26201,1196075.65,09/11-12,28/06/2011,3842892,20/06/2011,1208036.42,,,OUTRIGHT_PURCHASE,,201616,BANGALORE,92474154.91,,
unknown,STPIB/Import/02062011/0075/8390 Dt.2-6-2011,"Mac Book Pro (15"")",USD,10990,10990,501693.4653,10/11-12,28/06/2011,3843597,20/06/2011,506710.4,,,OUTRIGHT_PURCHASE,,84568,BANGALORE,91972461.44,,
unknown,STPIB/Import/01072011/0073/12928  Dt.1-7-2011,Networking Equipement - SUMMIT x460 -48T,USD,19681.71,19682,895517.8,11/11-12,15/07/2011,4012476,7/07/2011,904472.99,,,OUTRIGHT_PURCHASE,,142602,BANGALORE,91076943.64,,
unknown,STPIB/Import/24062011/0056/12004  Dt.24-6-2011,Networking Equipement - DPXS12A,USD,15664,15664,712712,12/11-12,4/08/2011,4205685,28/07/2011,719839,,,OUTRIGHT_PURCHASE,,129855,BANGALORE,90364231.64,,
unknown,STPIB/Import/05082011/0067/18004  Dt.5-8-2011,R510 Rack Mount Server x8 Chassis,USD,5500,5500,245850,13/11-12,16/08/2011,4318945,10/08/2011,248308.5,,,OUTRIGHT_PURCHASE,,36531,BANGALORE,90118381.64,,
unknown,STPIB/Import/26082011/0006/20655  Dt.29-8-2011 ,Dell  Power Edge R710 Rack Mount Server with Accessories ,USD,21000,21000,938700,14/11-12,12/09/2011,4477816,27/08/2011,948087,,,OUTRIGHT_PURCHASE,,139483,BANGALORE,89179681.64,,
unknown,STPIB/Import/05092011/0045/21514  Dt.5-9-2011,R 310 Socket Rack Server With Accessories,USD,5728,5728,266638.396,15/11-12,12/09/2011,4572880,7/09/2011,269304.78,,,OUTRIGHT_PURCHASE,,39620,BANGALORE,88913043.25,,
unknown,STPIB/Import/07092011/0101/22048 Dt.7-9-2011,Networking Equipment With Accessories,USD,6483,6483,301783.6535,16/11-12,12/10/2011,4694100,20/09/2011,304801.49,,,OUTRIGHT_PURCHASE,,45822,BANGALORE,88611259.6,,
unknown,STPIB/Import/27092011/0012/24646 Dt.27-9-2011,Server with Accessories,USD,41472,42000,1955100,17/11-12,13/10/2011,4788464,29/09/2011,1974651,,,OUTRIGHT_PURCHASE,,290511,BANGALORE,86656159.6,,
unknown,STP/P/VIII(A)/(46)/2006-07/B-1017,Video Conf Equipments,USD,10608,10608,526156.4356,18/11-12,20/10/2011,50/11-12,20/10/2011,531418,,,OUTRIGHT_PURCHASE,,119915,BANGALORE,86130003.16,,
unknown,STPIB/Import/21092011/0063/23962  Dt.27-9-2011,Laptop With Accessories,USD,34106,34106,1691657.604,19/11-12,18/10/2011,4836914,4/10/2011,1708574.18,,,OUTRIGHT_PURCHASE,,254278,BANGALORE,84438345.56,,
unknown,STPIB/Import/21092011/0061/23960  Dt.21-9-2011,Laptop With Accessories,USD,38555,38555,1912328,20/11-12,14/10/2011,4836756,4/10/2011,1931451.28,,,OUTRIGHT_PURCHASE,,287067,BANGALORE,82526017.56,,
unknown,STPIB/Import/21092011/0062/23961  Dt.26-9-2011,Laptop With Accessories,USD,7361,7361,365105.604,21/11-12,25/10/2011,4966976,19/10/2011,368756.66,,,OUTRIGHT_PURCHASE,,54252,BANGALORE,82160911.95,,
unknown,STPIB/Import/21102011/0102/27642  Dt.21-10-2011,Laptop With Accessories,USD,3718,3718,184412.802,22/11-12,9/11/2011,4996018,22/10/2011,186256.93,,,OUTRIGHT_PURCHASE,,27402,BANGALORE,81976499.15,,
unknown,STPIB/Import/16092011/0029/23332  Dt.23-9-2011,Carpet Tiles,USD,15403.75,15404,764026,23/11-12,9/11/2011,5030040,27/10/2011,771666.26,,,OUTRIGHT_PURCHASE,,226422,BANGALORE,81212473.15,,
unknown,STPIB/Import/22102011/0002/27715  Dt.24-10-2011,IP Phones With Accessories,USD,7072,7072,353931.5743,24/11-12,25/11/2011,5222258,18/11/2011,357470.89,,,OUTRIGHT_PURCHASE,,53858,BANGALORE,80858541.58,,
unknown,STPIB/Exciseduty/21102011/0012/27644  dt.21-10-2011,Networking Equipments,INR,297547,297547,294600.9901,25/11-12,25/11/2011,059,25/11/2011,297547,,,OUTRIGHT_PURCHASE,,30647,BANGALORE,80563940.59,,
653010065,STPIB/Import/25112011/0043/31733  Dt.28-Nov-2011,Networking Equipment With Accessories,USD,6333,6333,333115.802,26/11-12,1/01/2012,5362272,2/12/2011,336446.96,0,,,,49049,BANGALORE,80514891.59,,
IV7128,STIPB/Import/EXCISEDUTY/23112011/0012/31279  Dt.28-Nov-2011,Networking Accessories,INR,422078.17,422078.17,422078.2178,27/11-12,4/01/2012,01,4/01/2012,426299,,,,,64087,BANGALORE,80450804.59,,
920000709,STPIB/Import/20122011/0090/34724 Dt.20-Dec-2011,Networking Equipment With Accessories,USD,16736.81,16737,891235.1287,28/11-12,17/01/2012,5726162,13/01/2012,900147.48,,,,,135322,BANGALORE,80315482.59,,
920000735,STPIB/Import/25012012/0075/38858 Dt.25-Jan-2012,Networking Equipments,USD,4680,4680,249210,29/11-12,31/01/2012,5842949,27/01/2012,251702.1,,,,,37839,BANGALORE,,,
20112417,STPIB/Import/12122011/0026/33595 Dt.13-Dec-2011,Laptop With Accessories,USD,29311.16,29312,1471420.2,30/11-12,7/02/2012,5897423,2/02/2012,1486134.43,,,,,218640,BANGALORE,,,
cancel,cancel,,,,,,31/11-12,,,,,,,,,,BANGALORE,,,
20112495,STPIB/Import/12122011/0025/33594 Dt.13-Feb-2012,Laptop With Accessories,USD,37768.38,37769,1895972.68,32/11-12,16/02/2012,5971928,10/02/2012,1914932.41,,,,,281725,BANGALORE,,,
20112519,STPIB/Import/15022012/0085/41111 Dt.16-Feb-2012,Laptop With Accessories,USD,44462,44462,2231992.39,33/11-12,27/02/2012,6062502,22/02/2012,2254312.32,,,,,331655,BANGALORE,,,
5400101615,STPIB/Import/06032012/0008/43177 Dt.06-Mar-2012,Dell Power Edge  R810 Rack Mount Server,USD,33000,33000,1630200,35/11-12,16/03/2012,6204659,8/03/2012,1646502,,,,,242233,BANGALORE,,,
5400106088,STPIB/Import/20032012/0011/44863  Dt. 20-Mar-2012,Laptop With Accessories  Dell E6420,USD,2800,2800,138320,36/11-12,29/03/2012,6362643,26/03/2012,139703.2,,,,,23023,BANGALORE,,,
5400106085,STPIB/Import/20032012/0016/44869  Dt. 20-Mar-2012,Laptop With Accessories Dell E6520,USD,3800,3800,187720,37/11-12,29/03/2012,6369557,27/03/2012,189597.2,,,,,31246,BANGALORE,,,
5400106087,STPIB/Import/20032012/0015/44867  Dt. 20-Mar-2012,Laptop With Accessories Dell E6220,USD,1350,1350,66690,38/11-12,29/03/2012,6362640,26/03/2012,67356.9,,,,,11100,BANGALORE,,,
5400106086,STPIB/Import/20032012/0010/44860  Dt. 20-Mar-2012,Laptop With accessories Dell E6420,USD,1750,1750,86450,39/11-12,29/03/2012,6361974,26/03/2012,87314.5,,,,,14389,BANGALORE,,,
5400106089,STPIB/Import/20032012/0013/44865  Dt. 20-Mar-2012,Laptop With Accessories Dell E6320,USD,1375,1375,67925,40/11-12,29/03/2012,6363581,26/03/2012,68604.25,,,,,11306,BANGALORE,,,
20112832,STPIB/Import/07032012/0111/43513  Dt. 7-Mar-2012,"Laptop With Accessories Mac 15""",USD,71417,71417,3527999.792,41/11-12,29/03/2012,6362267,26/03/2012,3563279.79,,,,,587228,BANGALORE,,,
unknown,STPIC/Import/16102009/0018/6194 & 16/10/2009,AW-T5500n-Dell Precision T5500 (N-series),INR,0.00,333900.00,333900.00,A501/830327,11/06/2009,704490,3/10/2009,333900.00,27513.00,6878.25,OUTRIGHT_PURCHASE,,27513.00,CHENNAI,,,
unknown,STPIC/Import/14072009/0013/3032 & 14/07/2009,AL-E6500n-Dell Latitude Laptops,INR,0.00,400000.00,400000.00,A501/819814,17/08/2009,702693,8/10/2009,400000.00,26368.00,6592.00,OUTRIGHT_PURCHASE,,26368.00,CHENNAI,,,
unknown,STPIC/Import/23072009/0005/3377 & 23/07/2009,AL-E6500n-Dell Latitude Laptops,INR,0.00,400000.00,400000.00,A501/819815,17/08/2009,702694,8/10/2009,400000.00,26368.00,6592.00,OUTRIGHT_PURCHASE,,26368.00,CHENNAI,,,
unknown,STPIC/Import/26102009/0021/6529& 26/10/2009,Al-E6400n-Dell Latitude Laptops,INR,0.00,325000.00,325000.00,A501/830592,16/11/2009,704645,11/11/2009,325000.00,21424.00,5356.00,OUTRIGHT_PURCHASE,,21424.00,CHENNAI,,,
unknown,STPIC/Import/25082009/0022/4442 & 25/08/2009,Al-E6400n-Dell Latitude Laptops,INR,0.00,"325000.00",325000.00,A 501/829210,22/09/2009,703493,9/12/2009,325000.00,21424.00,5356.00,OUTRIGHT_PURCHASE,,21424.00,CHENNAI,,,
unknown,STPIC/Import/21122009/0001/8639 & 21/12/2009,AI-E6500n-Dell Latitude laptops,USD,8150.00,8150.00,384680.00,A501/832625,23/01/2010,100189,11/01/2010,384680.00,25358.00,6339.50,OUTRIGHT_PURCHASE,,25358.00,CHENNAI,,,
unknown,STPIC/Import/29102010/0011/10029 & 29/01/2010,AL - E6400n- Dell Latitude E 6400n -Series,INR,0.00,185712.00,185712.00,A501/833449,24/02/2010,100763,9/02/2010,185712.00,12242.00,3060.50,OUTRIGHT_PURCHASE,,12242.00,CHENNAI,,,
unknown,STPIC/Import/28012010/0030/10002 & 29/01/2010,AL - E6500n- Dell Latitude E 6500n -Series,INR,0.00,235095.00,235095.00,A501/833450,24/02/2010,100774,10/02/2010,235095.00,15497.00,3874.25,OUTRIGHT_PURCHASE,,15497.00,CHENNAI,,,
unknown,STPIC/Import/19032010/0018/11841& 19/03/2010,AL - E6400n-Dell Latitude E 6400n - Series,INR,0.00,309520.00,309520.00,A501/835114,20/04/2010,101969,9/04/2010,309520.00,25504.00,6376.00,OUTRIGHT_PURCHASE,,25504.00,CHENNAI,,,
unknown,STPIC/Import/02062010/0004/2223 & 02/06/2010,Apple MAC BOOK,USD,3703.65,3703.65,177219.65,A501/837050,21/06/2010,225639,19/06/2010,178992.00,26334.00,6583.50,OUTRIGHT_PURCHASE,,26334.00,CHENNAI,,,
unknown,STPIC/Import/17062010/0038/2786 & 18/06/2010,AL - E 6510n - Dell Latitude E 6510 Series,INR,0.00,313460.00,313460.00,A501/838404,30/07/2010,104379,10/07/2010,313460.00,29704.00,7426.00,OUTRIGHT_PURCHASE,,29704.00,CHENNAI,,,
unknown,STPIC/Import/03072010/0008/3425 & 03/07/2010,Apple MAC BOOK,USD,2250.00,2250.00,105637.50,A501/837982,17/07/2010,246197,16/07/2010,106694.00,15697.00,3924.25,OUTRIGHT_PURCHASE,,15697.00,CHENNAI,,,
unknown,STPIC/Import/26082010/0018/5574 & 27/08/2010,Dell latitude E 6410 ,INR,0.00,247616.00,247616.00,A501/59,26/11/2010,106065,20/09/2010,247616.00,23464.00,5866.00,OUTRIGHT_PURCHASE,,23464.00,CHENNAI,,,
unknown,STPIC/Import/26082010/0015/5571 & 27/08/2010,Dell latitude E 6510 ,INR,0.00,626920.00,626920.00,A501/13,1/11/2010,106225,22/09/2010,626920.00,59407.00,14851.75,OUTRIGHT_PURCHASE,,59407.00,CHENNAI,,,
unknown,STPIC/Import/28092010/0047/6994 & 28/09/2010,Apple MAC BOOK,USD,9260.00,9260.00,422256.00,A501/849560,12/10/2010,315502,8/10/2010,426479.00,114504.05,28626.01,OUTRIGHT_PURCHASE,,114504.05,CHENNAI,,,
unknown,STPIC/Import/26042010/0002/914 & 26/04/2010,Al-E6500n-Dell Latitude Laptops,INR,0.00,78365.00,78365.00,A501/836322,28/05/2010,102953,5/12/2010,78365.00,19591.25,4897.81,OUTRIGHT_PURCHASE,,19591.25,CHENNAI,,,
unknown,STPIC/Import/28122010/0006/10555 & 28/12/2010,AGC NetWork SoundStation IP ,USD,4150.00,4150.00,191522.50,A501/854955,1/01/2011,384530,31/12/2010,193480.00,29086.54,7271.64,OUTRIGHT_PURCHASE,,29086.54,CHENNAI,,,
unknown,STPIC/Import/28122010/0015/10577 & 28/12/2010,Apple MAC BOOK,USD,17015.00,17015.00,775884.00,A501/855564,12/01/2011,391175,10/01/2011,783643.00,115289.56,28822.39,OUTRIGHT_PURCHASE,,115289.56,CHENNAI,,,
unknown,STPIC/Import/15122010/0035/10059 & 29/12/2010,Dell laptops,INR,7824.00,7824.00,356774.40,A501/855730,14/10/2011,393619,12/01/2011,360345.00,53013.96,13253.49,OUTRIGHT_PURCHASE,,53013.96,CHENNAI,,,
unknown,STPIC/Import/15122010/0036/10060,Dell laptops,USD,14850.00,14850.00,677160.00,A501/857006,8/02/2011,2687933,1/02/2011,683936.00,100620.66,25155.17,OUTRIGHT_PURCHASE,,100620.66,CHENNAI,,,
unknown,STPIC/Import/24012011/0011/11519,Apple MAC BOOK,USD,6574.00,6574.00,302075.30,A501/857454,15/02/2011,2765439,14/02/2011,305096.00,45866.18,11466.55,OUTRIGHT_PURCHASE,,45866.18,CHENNAI,,,
unknown,STPIC/Import/17032011/0018/13516,Aruba 105 Wireless Point,USD,4268.00,4268.00,195047.60,A501/860102,28/03/2011,3039412,24/03/2011,199129.00,53463.54,13365.88,OUTRIGHT_PURCHASE,,53463.54,CHENNAI,,,
unknown,STPIC/Import/16032010/0005/11686 & 16/03/2010,AL - E6400n-Dell Latitude E 6400n - Series,INR,0.00,247616.00,247616.00,A501/835113,20/04/2010,101895,6/04/2011,247616.00,20404.00,5101.00,OUTRIGHT_PURCHASE,,20404.00,CHENNAI,,,
unknown,STPIC/Import/13052011/0009/1640/13/05/2011,Dell TM Power Edge R510 Server,USD,8200.00,8200.00,369000.00,A501/863801,25/05/2011,3584001,23/05/2011,372690.00,54830.15,13707.54,OUTRIGHT_PURCHASE,,54830.15,CHENNAI,,,
unknown,STPIC/Import/13052011/0003/1633/13/05/2011,Aspen 8810-10-slot chassis,USD,29814.00,29814.00,1341630.00,863997,27/05/2011,3615965,26/05/2011,1369852.00,205934.78,51483.70,OUTRIGHT_PURCHASE,,205934.78,CHENNAI,,,
unknown,STPIC/Import/12052011/0023/1621/13/05/2011,Installation Cable,INR,0.00,418018.00,418018.00,1477/11,2/06/2011,3623678,27/05/2011,418018.00,62842.15,15710.54,OUTRIGHT_PURCHASE,,62842.15,CHENNAI,,,
unknown,STPIC/Import/03062011/0014/2408/03/06/2011,Passive Components,INR,0.00,558967.53,558967.53,2995,20/06/2011,3645133,30/05/2011,558967.53,133565.00,33391.25,OUTRIGHT_PURCHASE,,133565.00,CHENNAI,,,
unknown,STPIC/Import/12052011/0025/1624/31/05/2011,Dell Poweregde Server ,USD,2864.70,2864.70,130773.56,864709,9/06/2011,3697146,3/06/2011,132081.00,19431.75,4857.94,OUTRIGHT_PURCHASE,,19431.75,CHENNAI,,,
unknown,STPIC/Import/26052011/0013/2090/26/05/2011,Sound Station ,USD,8245.00,8245.00,376384.25,864708,9/06/2011,3697170,3/06/2011,384266.00,57768.09,14442.02,OUTRIGHT_PURCHASE,,57768.09,CHENNAI,,,
unknown,STPIC/Import/31052011/0007/2256/31/05/2011,ASA 5520 appliance with SW HA 4GE,USD,6483.00,6483.00,295948.95,865284,18/06/2011,3821825,17/06/2011,298908.00,44935.91,11233.98,OUTRIGHT_PURCHASE,,44935.91,CHENNAI,,,
unknown,STPIC/Import/03062011/0015/2409/03/06/2011,MAC Book,USD,8792.00,8792.00,401354.80,865286,18/06/2011,3821813,17/06/2011,405368.00,59637.74,14909.44,OUTRIGHT_PURCHASE,,59637.74,CHENNAI,,,
unknown,STPIC/Import/23052011/0013/1910/23/05/2011,Dell Latitude E6420,USD,11400.00,11400.00,520410.00,865285,18/06/2011,3822093,17/06/2011,525614.00,77328.33,19332.08,OUTRIGHT_PURCHASE,,77328.33,CHENNAI,,,
unknown,STPIC/Import/23052011/0012/1909/23/05/2011,Dell Latitude E6520,USD,13912.00,13912.00,635082.80,865285,18/06/2011,3822093,17/06/2011,608236.95,89483.82,22370.96,OUTRIGHT_PURCHASE,,89483.82,CHENNAI,,,
unknown,STPIC/Import/08062011/0026/2550/09/06/2011,Carpets -  BT 285,INR,0.00,856849.00,856849.00,308,15/06/2011,3867843,22/06/2011,856849.00,126059.62,31514.91,OUTRIGHT_PURCHASE,,126059.62,CHENNAI,,,
unknown,STPIC/Import/28062011/0019/3206/28/06/2011,Rariton- DPX S 12A - 32 ,USD,3476.00,3476.00,158158.00,867262,19/07/2011,4101665,18/07/2011,159740.00,24014.28,6003.57,OUTRIGHT_PURCHASE,,24014.28,CHENNAI,,,
unknown,STPIC/Import/19082011/0021/5016/19/08/2011,Mac Book,USD,22735.00,22735.00,1058314.25,870964,19/07/2011,4659597,16/09/2011,1068897.00,160691.13,40172.78,OUTRIGHT_PURCHASE,,160691.13,CHENNAI,,,
unknown,STPIC/Import/28112011/0014/8205/28/11/2011,Cisco Routers,USD,2870.00,2870.00,150962.00,875312,2/12/2011,5356877,1/12/2011,152472.00,22921.66,5730.42,OUTRIGHT_PURCHASE,,22921.66,CHENNAI,,,
unknown,STPIC/Import/1212011/0014/8687/12/12/2011,Aruba Controllers,USD,1809.03,1809.03,96330.85,878178,24/01/2012,5809584,23/01/2012,97293.00,14626.41,3656.60,OUTRIGHT_PURCHASE,,14626.41,CHENNAI,,,
unknown,STPIC/Import/1212011/0013/8686/12/12/2011,Mac Book,USD,18688.64,18688.64,938169.73,878671,4/02/2012,5904197,3/02/2012,947551.00,139403.70,34850.93,OUTRIGHT_PURCHASE,,139403.70,CHENNAI,,,
unknown,STPiC/Import/20022012/0009/10791/05/03/2012,Mac Book,USD,18138.00,18138.00,896017.20,880464,8/03/2012,6197559,7/03/2012,904977.00,133140.21,33285.05,OUTRIGHT_PURCHASE,,133140.21,CHENNAI,,,
unknown,STPIC/Import/09042012/0020/168/09/04/2012,Dell Latitude E 6320,USD,1665.46,1665.46,85771.19,882475,17/04/2012,6455865,4/04/2012,71520.00,11786.49,2946.62,OUTRIGHT_PURCHASE,,11786.49,CHENNAI,,,
unknown,STPIC/Import/21032012/0007/11932/21/03/2012,Dell Latitude E 6420,USD,1695.75,1695.75,87331.13,882025,7/04/2012,6455865,4/04/2012,72821.00,12000.90,3000.23,OUTRIGHT_PURCHASE,,12000.90,CHENNAI,,,
unknown,STPIC/Import/21032012/0006/11931/21/03/2012,Dell Latitude E 6520,USD,4602.00,4602.00,237003.00,882024,7/04/2012,6455917,4/04/2012,197657.00,32573.87,8143.47,OUTRIGHT_PURCHASE,,32573.87,CHENNAI,,,
unknown,STPIC/Import/09032012/0010/11537/09/03/2012,MAC Book,USD,33498.00,33498.00,1725147.00,882023,7/04/2012,6459587,4/04/2012,1742398.00,287147.19,71786.80,OUTRIGHT_PURCHASE,,287147.19,CHENNAI,,,
unknown,STPIC/Import/21052010/0022/1859 & 21/05/2010,AL-E6500n-Dell Latitude Laptops,INR,0.00,470190.00,470190.00,A501/837890,15/07/2010,103948,5/12/2010,470190.00,44555.00,11138.75,OUTRIGHT_PURCHASE,,44555.00,CHENNAI,,,
unknown,STPIC/Import/26042010/0003/915 & 26/04/2010,AL-E6400n-Dell Latitude Laptops,INR,0.00,557136.00,557136.00,A501/836321,28/05/2010,102932,5/12/2010,557136.00,52795.00,13198.75,OUTRIGHT_PURCHASE,,52795.00,CHENNAI,,,
unknown,STPIC/Import/27112009/0009/7801 & 27/11/2009,Al-E6500n-Dell Latitude Laptops,INR,0.00,326000.00,326000.00,A501/831795,24/12/2009,705332,14/12/2009,326000.00,21490.00,5372.50,OUTRIGHT_PURCHASE,,21490.00,CHENNAI,,,
unknown,STPIC/Import/30042110/0004/1160 & 30/04/2010,Avaya Soundpoint systems,USD,807.90,807.90,36274.71,A501/835876,15/05/2010,196998,14/05/2010,36637.00,5507.84,1376.96,OUTRIGHT_PURCHASE,,5507.84,CHENNAI,,,
unknown,STPIC/Import/29042010/0022/1112 & 29/04/2010,"Vidyo Room HD100 Endpoint , Camera , Screen Sharing accessory",USD,8090.50,8090.50,363263.45,A501/835877,15/05/2010,197159,14/05/2010,366896.00,98506.79,24626.70,OUTRIGHT_PURCHASE,,98506.79,CHENNAI,,,
unknown,STPIC/Import/22052009/0015/1507 & 22/05/2009,"Networking Equipments VSX 7000 , VSX Multi Point Software , VSX People Content IP Software option LPC , Sound Point IP 550 IP 4 line Ip Desktop , Sound point IP 650 -6 - line Ip phone with HD , Sound Point IP backlit Ex pandiam module ,  Sound Station IP 7000 , Extex micro phone for sound station IP 7000",USD,11859.69,11859.69,606623.14,A501/ 817987,6/06/2009,823401,15/04/2009,612689.00,78588.00,19647.00,OUTRIGHT_PURCHASE,,78588.00,CHENNAI,,,
unknown,SPIC/Import/30032010/0028/12243 & 30/03/2010,Al-E6500n-Dell Latitude Laptops,INR,0.00,156730.00,156730.00,A501/836028,19/05/2010,102373,19/04/2010,156730.00,12915.00,3228.75,OUTRIGHT_PURCHASE,,12915.00,CHENNAI,,,
unknown,STPIC/Import/06102009/0006/5674 & 06/10/2009,AL-E6500n-Dell Latitude Laptops,INR,0.00,400000.00,400000.00,A501/830326,11/06/2009,704330,23/10/2009,400000.00,26368.00,6592.00,OUTRIGHT_PURCHASE,,26368.00,CHENNAI,,,
unknown,STPIC/Import/22052009/0013/1505 & 22/05/2009,"Networking Equipments - ASA 5520 - Router , WS - C 3750G - 12 S (Switch) , GLC - Sx -MM - Connector",USD,18671.01,18671.01,939151.80,A501/817989,6/06/2009,811131,25/03/2009,948543.00,145087.00,36271.75,OUTRIGHT_PURCHASE,,145087.00,CHENNAI,,,
unknown,STPIC/Import/22052009/0016/1508,"Power Edge T 100 Server , KC -STD/MON Kit for dell client standard monitor , Pedge/Rack2K-Kits for del, Power Egde,Remote console Mgmt switch , Rack Mount Server , Power edge 2900 server",USD,39130.50,39130.50,1968264.15,A501 / 817988,6/06/2009,811132,25/03/2009,1987951.00,250709.00,62677.25,OUTRIGHT_PURCHASE,7000000.00,250709.00,CHENNAI,,,
unknown,STPIC/Import/22052009/0014/1506 & 22/05/2009,"Networking Equipments - SRW 248 G4P port of networking equipment , GIBC Sft , 48 Pt/10/100/1000 GIG ( Switch)",USD,5603.00,5603.00,283231.65,A501/817986,6/06/2009,851001,29/05/2009,286063.00,36692.00,9173.00,OUTRIGHT_PURCHASE,,36692.00,CHENNAI,,,
cancel,,Enhance of Limit vide letter STPIC/G1884/20011-12/201. Dt :  25-05-2011,,,,,,,,,,,,,10000000.00,0.00,CHENNAI,,,
cancel,,Enhance of Limit vide letter STPIC/G1884/2009-10/2458 dated 21/01/2010,,,,,,,,,,,,,16000000.00,0.00,CHENNAI,,,
unknown,STP/P/VIII(A)(46)/2006-07/7571 Dt. 30.10.2006,Computer System with Accessories,,45.00 ,899100.00 ,0.00 ,335-P/31-64,14/12/2006,855219,12/12/2006,909259.84,,,,,0.00,PUNE,,,
unknown,STP/P/VIII(A)(46)/2006-07/7572 Dt. 30.10.2006,Computer with Accessories,,45.00 ,270000.00 ,0.00 ,335-P/31-64,14/12/2006,855219,12/12/2006,274986.49,,,,,0.00,PUNE,,,
unknown,STP/P/VIII(A)(46)/2006-07/7573 Dt. 02.11.2006,Server with Accessories,,45.00 ,200250.00 ,0.00 ,335-P/31-64,14/12/2006,855219,12/12/2006,202027.78,,,,,0.00,PUNE,,,
unknown,STP/P/VIII(A)(46)/2006-07/7569 Dt. 30.10.2006,Computer System with Accessories,,45.00 ,40500.00 ,0.00 ,335-P/31-64,14/12/2006,855219,12/12/2006,41774.27,,,,,0.00,PUNE,,,
unknown,STP/P/VIII(A)(46)/2006-07/7567 Dt. 30.10.2006,Networking Equipments,,45.00 ,131580.00 ,132748.00 ,335-P/31-64,14/12/2006,854989,12/12/2006,132748.00,,,,,28292.00,PUNE,,,
unknown,STP/P/VIII(A)(46)/2006-07/7568 Dt. 30.10.2006,Networking Equipments,,45.00 ,267705.00 ,270082.00 ,335-P/31-64,14/12/2006,854971,12/12/2006,270082.00,,,,,57561.00,PUNE,,,
unknown,STP/P/VIII(A)(46)/2006-07/7566 Dt. 30.10.2006,Networking Equipments,,45.00 ,436496.40 ,440372.00 ,335-P/31-64,14/12/2006,855222,12/12/2006,440372.00,,,,,93853.00,PUNE,,,
unknown,STP/P/VIII(A)(46)/2006-07/7570 Dt. 30.10.2006,Server with accessories,,45.00 ,165150.00 ,1596555.00 ,335-P/31-64,14/12/2006,855219,12/12/2006,168506.76,,,,,340262.00,PUNE,,,
unknown,STP/P/VIII(A)(46)/2006-07/7574 Dt. 07.11.2006,100% PP Tufted Loop Tile Anti static carpet tiles,,45.00 ,543375.00 ,554098.00 ,335-P/31-64,28/12/2006,601702,17/11/2006,554098.00,,,,,149933.00,PUNE,,,
unknown,STP/P/VIII(A)(46)/2006-07/8932 Dt. 07.12.2006,LCD Computer Monitor,,45.00 ,118800.00 ,118800.00 ,335-P/31-64,2/01/2007,862096,18/12/2006,119854.68,,,,,,PUNE,,,
unknown,STP/P/VIII(A)(46)/2006-07/8933 Dt. 07.12.2006,AL-D620-Dell Latitude D620,,45.00 ,439560.00 ,558360.00 ,335-P/31-64,2/01/2007,862096,18/12/2006,443462.32,,,,,120056.00,PUNE,,,
unknown,STP/P/VIII(A)(46)/2006-07/9508 Dt. 22.12.2006,"VT 580 XGA, 2000 AL PJ LCD Projection",,45.00 ,136260.00 ,136260.00 ,335-P/31-64,22/01/2007,896627,20/01/2007,88843.00,,,,,18934.00,PUNE,,,
unknown,STP/P/VIII(A)(46)/2006-07/466 Dt.08.02.2007,AL-D620-Dell Latitude D620,,44.18 ,710944.56 ,740232.00 ,335-P/31-64,22/02/2007,925328,15/02/2007,722442.29,,,,,153969.00,PUNE,,,
unknown,STP/P/VIII(A)(46)/2006-07/1518 Dt.15.03.2007,AS-PE 1955/Blade-Dell TM Power Edge High Per.Blade,,44.18 ,195275.60 ,195275.60 ,335-P/31-64,5/04/2007,973171,15/03/2007,195111.50,,,,,,PUNE,,,
unknown,STP/P/VIII(A)(46)/2006-07/1519 Dt.15.03.2007,AL-D620-Dell Latitude D620,,44.18 ,719250.40 ,952200.00 ,335-P/31-64,5/04/2007,973171,15/03/2007,718312.00,,,,,194764.00,PUNE,,,
unknown,STP/P/VIII(A)(46)/2006-07/2512 Dt.19.04.2007,AW 490-Dell Precision 490 (XP),,44.18 ,728970.00 ,709500.00 ,335-P/31-64,8/05/2007,111952,1/05/2007,676853.76,,,,,144321.00,PUNE,,,
unknown,STP/P/VIII(A)(46)/2006-07/3280 Dt.22.05.2007,AL-D620-Dell Latitude D620 LapTop,,44.18 ,706880.00 ,688000.00 ,335-P/31-64,7/06/2007,148364,2/06/2007,660944.00,,,,,142848.00,PUNE,,,
unknown,STP/P/VIII(A)(46)/2006-07/2724 Dt.09.05.2007,Super Stack 3 Switch 3870 48 port & switch 3870 stacking cable,,44.18 ,146191.62 ,145596.00 ,335-P/31-64,14/06/2007,156389,8/06/2007,136691.48,,,,,29146.00,PUNE,,,
unknown,STP/P/VIII(A)(46)/2006-07/4278/Dt. 27.06.2007,AS-PE 1955/Blade-Dell TM Power Edge TM 1955 High Per.Blade,,44.18 ,383482.40 ,355880.00 ,335-P/31-64,23/07/2007,203271,18/07/2007,359877.14,,,,,76734.00,PUNE,,,
unknown,STP/P/VIII(A)(46)/2006-07/4064/Dt. 20.06.2007,CSCO 9511 ASA 5510-K8,,44.18 ,110703.15 ,102735.00 ,335-P/31-64,29/08/2007,247916,24/08/2007,102623.43,,,,,21882.00,PUNE,,,
unknown,STP/P/VIII(A)(46)/2006-07/6037/Dt. 28.08.2007,AL-D630-Dell Latitude D 630 (XP),,40.55 ,648800.00 ,672000.00 ,335-P/31-64,13/09/2007,263811,7/09/2007,667408.00,,,,,142307.00,PUNE,,,
unknown,STP/P/VIII(A)(46)/2006-07/7144/Dt. 04.10.2007,AW-490-Dell Precision 490 (XP),,49.14 ,767773.70 ,625000.00 ,335-P/31-64,16/10/2007,304361,10/10/2007,632039.06,,,,,134766.00,PUNE,,,
unknown,STP/P/VIII(A)(46)/2006-07/7297/Dt. 09.10.2007,AW-490-Dell Precision 490n,,40.55 ,104051.30 ,102640.00 ,335-P/31-64,6/11/2007,329765,31/10/2007,103796.98,,,,,22132.00,PUNE,,,
unknown,STP/P/VIII(A)(46)/2006-07/7291/Dt. 16.10.2007,AS-PE 1950 Dell Poweredge 1950 Rack Mount Ser.,,40.55 ,149832.25 ,147800.00 ,335-P/31-64,6/11/2007,329765,31/10/2007,149465.00,,,,,31870.00,PUNE,,,
unknown,STP/P/VIII(A)(46)/2006-07/7292/Dt. 09.10.2007,AS-PE 2950 Dell Poweredge 2950 Rack Mount Ser.,,40.55 ,210495.05 ,207640.00 ,335-P/31-64,6/11/2007,329765,31/10/2007,209979.55,,,,,44772.00,PUNE,,,
unknown,STP/P/VIII(A)(46)/2006-07/8115/Dt. 13.11.2007,AS-AX 150I-DELL EMC AX-150 ISCSI (DELL),,40.55 ,552534.30 ,545040.00 ,335-P/31-64,24/11/2007,354138,21/11/2007,554584.00,,,,,118250.00,PUNE,,,
unknown,STP/P/VIII(A)(46)/2006-07/8771/Dt. 04.12.2007,Apple Make Laptop - MB062ZP/A&MA8952P/A,,55.39 ,1459920.12 ,1054320.00 ,335-P/31-64,7/01/2008,388871,19/12/2007,882841.00,,,,,188243.00,PUNE,,,
unknown,STP/P/VIII(A)(46)/2006-07/9669/Dt. 04.01.2008,Dell Computer with Accessories-AL-D630 LATITUDE,,43.83 ,720642.00 ,657600.00 ,335-P/31-64,17/01/2008,414271,11/01/2008,660025.00,,,,,140733.00,PUNE,,,
unknown,STP/P/VIII(A)(46)/2006-07/884/Dt. 06.12.2007,NEC Make Projector 2000 ANSI KGA LCD MODEL,,,54000.00 ,54000.00 ,335-P/31-64,25/01/2008,734958,22/08/2007,54000.00,,,,,18431.00,PUNE,,,
unknown,STP/P/VIII(A)(46)/2006-07/1040/Dt. 29.02.2008,Apple Make Laptop-MA896ZP/A & MA515FE/A,,40.55 ,835289.45 ,844559.00 ,335-P/31-64,1/03/2008,507364,26/03/2008,836361.00,,,,,160222.00,PUNE,,,
unknown,STP/P/VIII(A)(46)/2006-07/1039/Dt. 29.02.2008,Dell Computer with Accessories-AL-D630n LATITUDE,,81.79 ,1086228.29 ,544480.00 ,335-P/31-64,29/04/2008,527225,10/04/2008,542548.00,,,,,103936.00,PUNE,,,
unknown,STP/P/VIII(A)(46)/2006-07/4456/Dt. 23.06.2008,Dell Computer with Accessories-AL-D630n LATITUDE,,40.55 ,666235.86 ,706490.00 ,335-P/31-64,17/07/2008,637088,8/07/2008,716874.00,,,,,136183.00,PUNE,,,
unknown,STP/P/VIII(A)(46)/2006-07/2443 Dt.03.07.2008,Digium Card,,129.64 ,187331.39 ,62135.00 ,335-P/31-64,13/08/2008,1795,11/04/2008,59689.00,,,,,11335.00,PUNE,,,
unknown,STP/P/VIII(A)(46)/2006-07/5597 Dt.29.08.2008,Desktop Computer AO-330NDT Optiplex,,,120000.00 ,120000.00 ,335-P/31-64,10/09/2008,204662,2/09/2008,120000.00,,,,,14832.00,PUNE,,,
unknown,STP/P/VIII(A)(46)/2006-07//6590 Dt. 01/09/2008,Apple make Laptop MB 1332P/A Macbook Pro 2.4 GB,,,780111.15 ,986172.00 ,335-P/31-64,19/09/2008,720537,15/09/2008,990374.00,,,,,188139.00,PUNE,,,
unknown,STP/P/VIII(A)(46)/2006-07//8155 Dt. 04/11/2008,Avaya Video Conferencing Unit,,,522868.32 ,534643.20 ,335-P/31-64,2/12/2008,805276,27/11/2008,539990.00,,,,,121858.00,PUNE,,,
unknown,STP/P/VIII(A)(46)/2006-07//9210 Dt. 01/01/2009,Dell Computer with Accessories-AL-D630 LATITUDE,,,438390.19 ,438390.19 ,335-P/31-64,23/01/2009,700238,17/01/2009,425126.00,,,,,35030.00,PUNE,,,
unknown,STP/P/VIII(A)(46)/2006-07/A-1320 Dt.19.08.10,Mac Book 2.4 GHZ intelcore - 1 no with apple care prot plan-1 no ,,,65911.20 ,65911.20 ,335-P/31-64,,704590,28/08/2010,66570.00,,,,,10008.00,PUNE,,,
unknown,STP/P/VIII(A)(46)/2006-07/A-5934 Dt.03.02.11,Dell ST2420L 24whd monitor with wied,,,72436.00 ,72436.00 ,335-P/31-64,,101657,28/02/2010,72436.00,,,,,10699.00,PUNE,,,
unknown,STP/P/VIII(A)(46)/2006-07/7217 Dt.19.04.10,Dell Computer with Accessories-AL-E4300n LATITUDE,,,79969.56 ,79969.56 ,335-P/31-64,,102371,19/04/2010,63976.00,,,,,6590.00,PUNE,,,
unknown,STP/P/VIII(A)(46)/2006-07/7214 Dt.27.03.10,Dell Computer with Accessories-AL-E6500n LATITUDE,,,80809.99 ,80809.99 ,335-P/31-64,,102014,10/04/2010,78365.00,,,,,6659.00,PUNE,,,
unknown,STP/P/VIII(A)(46)/2006-07/A-5917 Dt.03.02.11,Summit X 460 - 48T,,,125652.00 ,125652.00 ,335-P/31-64,,2838737,24/02/2010,125652.00,,,,,13330.00,PUNE,,,
unknown,STP/P/VIII(A)(46)/2006-07/7812 Dt.12.04.10,Computer Parts Extreme Switch X450E - 48P,,,135405.00 ,133780.00 ,335-P/31-64,,568790,1/06/2010,133780.00,,,,,20111.00,PUNE,,,
unknown,STP/P/VIII(A)(46)/2006-07/10764 Dt.23.07.10,Mac Book 2.4 GHZ intelcore - 1 no with apple care prot plan-1 no & Macbook pro 13 inch - 1 no with apple care prot plan - 1no.,,,138581.73 ,137335.00 ,335-P/31-64,,651733,23/07/2010,137335.00,,,,,20629.00,PUNE,,,
unknown,STP/P/VIII(A)(46)/2006-07/2628 Dt. 10.06.09,Monitor S16S2409 WIN 8- Dell - 10 nos,,,152453.18 ,142320.00 ,335-P/31-64,,702155,19/06/2009,121962.48,,,,,16145.00,PUNE,,,
unknown,STP/P/VIII(A)(46)/2006-07/B-1158 Dt.24.08.11,"CISCO2921/K9 - Cisco 2921 w/3 GE,4 EHWIC,3 DSP,1 SM,256MB CF,512MB DRAM,IPB- 1 No., SL-29-DATA-K9 - Data License for Cisco 2901- 2951 Series -1Nos, 3. CAB-ACSA - AC Power Cord (India/South Africa), C13, BS 546, 1.8m  1 No., S29UK9-15001M - Cisco 2901-2921 IOS UNIVERSAL  1 No., PWR-2921-51-AC - Cisco 2921/2951 AC Power Supply  1 No.,ISR-CCP-EXP - Cisco Config Pro Express on Router Flash  1 No, MEM-2900 - 512 MB-DEF - 512 MB DRAMS for Cisco 2901-2921 ISR (Default)  1 Nos., 1.MEM-CF-256MB - 256MB Compact Flash for Cisco 1900, 2900, 3900 ISR  1 No., SL-29-IPB-K9 - IP Base License for Cisco 2901-2951  1 No., CON-SNTP-2921 - 24x7x4 with s/w updates, One year  1 No",,,152471.62 ,152471.62 ,335-P/31-64,,5556075,24/12/2011,152471.62,,,,,22902.00,PUNE,,,
unknown,STP/P/VIII(A)(46)/2006-07/8480 Dt.05.05.10,Dell Computer with Accessories-AL-E6500n LATITUDE,,,163250.76 ,163250.76 ,335-P/31-64,,103054,17/05/2010,150190.00,,,,,15470.00,PUNE,,,
unknown,STP/P/VIII(A)(46)/2006-07/2698 Dt.14.06.09,Hard Drive Internal 750 GB,,,186618.40 ,186774.24 ,335-P/31-64,,201285,22/08/2009,191632.55,,,,,24580.00,PUNE,,,
unknown,STP/P/VIII(A)(46)/2006-07/5862 Dt.02.02.10,Dell Computer with Accessories-AL-E6400n LATITUDE,,,191506.21 ,191506.21 ,335-P/31-64,,100752,9/02/2010,153204.79,,,,,12624.00,PUNE,,,
unknown,STP/P/VIII(A)(46)/2006-07/B-4736 Dt.30.01.12,"Aruba 650 Controller -6X 10/100/1000BAS - 1 No., LIC-PEFNG-16 Policy Enforcement Firewall 16 AP - 1 No., LIC-PEFNG-8 Policy Enforcement Firewall (8 AP Licens) - 1 No., LIC-PEFNG-4 Policy Enforcement Firewall (4 AP Licens) - 1 No., LIC-PEFNG-2 Policy Enforcement Firewall (2 AP Licens) - 1 No., LIC-4-AP Access Point License (4 Access Point Lic) - 2 Nos., LIC-1-AP Access Point License (1 Access Point Lic) - 3 Nos",,,204430.46 ,204430.46 ,335-P/31-64,,6067500,22/02/2012,204430.46,,,,,48803.00,PUNE,,,
unknown,STP/P/VIII(A)(46)/2006-07/10142 Dt.24.06.10,"Telephone conference system - Soundstation IP 7000 (SIP) Conf Phone - 6 nos, Microphone for Soundstation IP 7000 - 1 no",,,237533.14 ,235396.00 ,335-P/31-64,,634657,12/07/2010,235396.00,,,,,35388.00,PUNE,,,
unknown,STP/P/VIII(A)(46)/2006-07/7215 Dt.26.03.10,Dell Computer with Accessories-AL-E6500n LATITUDE,,,322399.52 ,242429.96 ,335-P/31-64,,102090,13/04/2010,188076.00,,,,,19372.00,PUNE,,,
unknown,STP/P/VIII(A)(46)/2006-07/A-7055 Dt.17.03.11,Aruba 105 Wireless AP(Dual Radio) HW,,,243553.00 ,243553.00 ,335-P/31-64,,3149357,7/04/2011,243553.00,,,,,36614.00,PUNE,,,
unknown,STP/P/VIII(A)(46)/2006-07/7216 Dt.27.03.10,Dell Computer with Accessories-AL-E6400n LATITUDE,,,255341.62 ,255341.62 ,335-P/31-64,,101894,6/04/2010,204272.00,,,,,21040.00,PUNE,,,
unknown,STP/P/VIII(A)(46)/2006-07/7218 Dt.25.03.10,Dell Computer with Accessories-AL-E6400n LATITUDE,,,255341.62 ,255341.62 ,335-P/31-64,,102338,17/04/2010,204275.00,,,,,21040.00,PUNE,,,
unknown,STP/P/VIII(A)(46)/2006-07/8479 Dt.05.05.10,Dell Computer with Accessories-AL-E6400n LATITUDE,,,257916.83 ,257916.83 ,335-P/31-64,,103038,15/05/2010,237283.00,,,,,24440.00,PUNE,,,
unknown,STP/P/VIII(A)(46)/2006-07/5861 Dt.02.02.10,Dell Computer with Accessories-AL-E6500n LATITUDE,,,323239.95 ,323239.95 ,335-P/31-64,,100767,13/02/2010,250768.00,,,,,20663.00,PUNE,,,
unknown,STP/P/VIII(A)(46)/2006-07/5354 Dt.10.10.09,Dell Computer with Accessories-AL-E6400n LATITUDE,,,335140.00 ,335140.00 ,335-P/31-64,,704291,21/10/2009,268112.00,,,,,22092.00,PUNE,,,
unknown,STP/P/VIII(A)(46)/2006-07/6405 Dt.27.11.09,Dell Computer with Accessories-AL-E6500n LATITUDE,,,336171.20 ,336171.20 ,335-P/31-64,,705129,7/12/2009,268937.00,,,,,22160.00,PUNE,,,
unknown,STP/P/VIII(A)(46)/2006-07/A-2912 Dt.05.10.10,"MC516 HN/A Mac Book 2.4GHZ Intel Core APPCo122 - 2 nos, MC258 FE/A Apple Care protection Plan, APPC0098 - 02 nos, MC371 HN/A, Mac Book pro 15"" 2.4 Ghz - 01 no APPC0112, MC 259 FE/A Apple care protection plan APPC0083 - 01 no, MC374 HN/A Mac Book pro 13 inch core 2, APPCo118 - 02 nos, MC 258 FE/A Apple Care protection plan APPC0098 - 2 nos ",,,350865.00 ,350865.00 ,335-P/31-64,,763617,8/10/2010,359099.00,,,,,,PUNE,,,
unknown,STP/P/VIII(A)(46)/2006-07/A-4774 Dt.20.01.11,Dell Latitude E6410 Base for CTO,,,363110.71 ,363110.71 ,335-P/31-64,,2838736,24/02/2010,363110.71,,,,,54588.00,PUNE,,,
unknown,STP/P/VIII(A)(46)/2006-07/7132 Dt.23.12.09,Dell Computer with Accessories-AL-E6500n LATITUDE,,,392900.09 ,392900.09 ,335-P/31-64,,100186,11/01/2010,317345.61,,,,,26149.00,PUNE,,,
unknown,STP/P/VIII(A)(46)/2006-07/6151 Dt.07.12.09,Dell Computer with Accessories-AL-E6500n LATITUDE,,,412480.00 ,412480.00 ,335-P/31-64,,704971,7/12/2009,329984.00,,,,,27191.00,PUNE,,,
unknown,STP/P/VIII(A)(46)/2006-07/8153 Dt.21.04.10,"Vidyo Conference equipment - Vidyoroom HD 100 Endpoint, HD 720P60 camera, Konftel, Vidyo room screen sharing accessory ",,,449774.56 ,449774.56 ,335-P/31-64,,568788,28/05/2010,408240.00,,,,,61373.00,PUNE,,,
unknown,STP/P/VIII(A)(46)/2006-07/2699 Dt.14.06.09,Dell Computer with accessories-710/3.5 Dell(TM ) Power Edge (TM ) R710 Rack Mount Server - 3.5 Inch Chassis,,,488580.00 ,495006.00 ,335-P/31-64,,124209,20/06/2009,493465.80,,,,,63298.00,PUNE,,,
unknown,STP/P/VIII(A)(46)/2006-07/4252 Dt.25.08.09,710/3.5-Dell  Poweredge  R-710 Rack mount server 3.5 inch chasis,,,496301.70 ,496301.70 ,335-P/31-64,,211114,31/08/2009,501264.72,,,,,64296.00,PUNE,,,
unknown,STP/P/VIII(A)(46)/2006-07/1053 Dt. 18.03.2009.,Dell Computer with Accessories-AL-E6400n LATITUDE,,,504785.52 ,504875.52 ,335-P/31-64,,701303,13/04/2009,489600.00,,,,,40343.00,PUNE,,,
unknown,STP/P/VIII(A)(46)/2006-07/A-8545 Dt.20.05.11,Dell Latitude E 6420,,,518130.00 ,518130.00 ,335-P/31-64,,3651266,30/05/2011,518130.00,,,,,76227.00,PUNE,,,
unknown,STP/P/VIII(A)(46)/2006-07/A-4775 Dt.20.01.11,Dell Latitude E6510 Base for CTO,,,536033.00 ,536033.00 ,335-P/31-64,,2838732,24/02/2010,536033.00,,,,,80583.00,PUNE,,,
unknown,STP/P/VIII(A)(46)/2006-07/8959 Dt.17.05.10,Dell Computer with Accessories-AL-E6500n LATITUDE,,,652999.87 ,600762.00 ,335-P/31-64,,103287,29/05/2010,600762.00,,,,,61878.00,PUNE,,,
unknown,STP/P/VIII(A)(46)/2006-07/9472 Dt.02.06.10,Mac Book 2.4 GHZ with apple care prot plan & Macbook pro 15 inch,,,709494.89 ,763639.00 ,335-P/31-64,,605722,22/06/2010,763639.00,,,,,114800.00,PUNE,,,
unknown,STP/P/VIII(A)(46)/2006-07/2629 Dt.10.06.09,Desktop Dell Precision AW T5500n (5 nos),,,773400.00 ,773400.00 ,335-P/31-64,,702268,27/06/2009,750000.00,,,,,61800.00,PUNE,,,
unknown,STP/P/VIII(A)(46)/2006-07/A-8989 Dt.03.06.11,"APPCO192 MC721HN/A  MC721HN/A MacBook Pro 15-inch : 2.0G - 08 Nos.,APPCO184 MD013FE/A MD013FE Applecare Protection Plan - 08 Nos., APPC0063 MB572Z/A MB572Z/A Mini Displayport to VGA AD-08 Nos.",,,807278.72 ,807278.72 ,335-P/31-64,,3868088,22/06/2011,807278.72,,,,,120156.00,PUNE,,,
unknown,STP/P/VIII(A)(46)/2006-07/A-8544 Dt.20.05.11,Dell Latitude E 6520,,,824417.55 ,824417.55 ,335-P/31-64,,3651260,30/05/2011,824417.55,,,,,121288.00,PUNE,,,
unknown,STP/P/VIII(A)(46)/2006-07/1861 Dt. 04.05.2009,Dell Computer with Accessories-AL-E6500n LATITUDE,,,825050.00 ,824960.00 ,335-P/31-64,,701677,15/05/2009,800000.00,,,,,65920.00,PUNE,,,
unknown,STP/P/VIII(A)(46)/2006-07/2262 Dt. 23.05.09,Dell Computer with Accessories-AL-E6500n LATITUDE,,,824960.00 ,824960.00 ,335-P/31-64,,701991,6/06/2009,800000.00,,,,,65920.00,PUNE,,,
unknown,STP/P/VIII(A)(46)/2006-07/3047 Dt.30.06.09,Dell Computer with Accessories-AL-E6500n LATITUDE,,,824960.00 ,824960.00 ,335-P/31-64,,702657,19/07/2009,659968.00,,,,,54381.00,PUNE,,,
unknown,STP/P/VIII(A)(46)/2006-07/3300 Dt.20.07.09,Dell Computer with Accessories-AL-E6500n LATITUDE,,,824960.00 ,824960.00 ,335-P/31-64,,702676,20/07/2009,659968.00,,,,,54381.00,PUNE,,,
unknown,STP/P/VIII(A)(46)/2006-07/B-5216 Dt.22.02.12,"MacBook Pro 15-inch: 2.2GHz Quad-core Intel Core i7 - Z0NL  4 Nos. MacBook Air 13"" 256GB -1.7GHz Dual Core Intel i5  3 No. AppleCare Protection Plan - MacBook Pro MD013FE/A  4 Nos. AppleCare Protection Plan  MBA 13/MBP 13 - MD015FE/A  3 Nos. Apple Mini Display Port to VGA Adapter, MB572Z/A - 4 Nos. MacBook Air SuperDrive - MC684ZM/A  3 Nos. Apple USB Ethernet Adapter : MC704ZM/A  3 Nos",,,895549.43 ,895549.43 ,335-P/31-64,,6111238,27/02/2012,895549.43,,,,,132840.00,PUNE,,,
unknown,STP/P/VIII(A)(46)/2006-07/A-4773 Dt.20.01.11,"MC371HN/A Macbook Pro 15 inch, 2.4 Ghz",,,948053.00 ,948053.00 ,335-P/31-64,,2838706,24/02/2010,948053.00,,,,,142524.00,PUNE,,,
unknown,STP/P/VIII(A)(46)/2006-07/A-8813 Dt.30.05.11,"ASPEN 8810 10 Slot Chassis(includes Fan)-01no, BD 8800 MSM-48c-02nos., Extreme BD 8500-G48T-E-08 nos, BD 8800 S-POE-02 nos, Extreme -10K 700w/1200w 100-240v PSU-04 nos, PWR CORD 10A BS546,IEC320-C13-04 nos., BD 8810 AC PSU Cover Dell Latitude E6420 (ODM CTO)-01 no.",,,1374624.73 ,1374624.73 ,335-P/31-64,,3713530,6/06/2011,1374624.73,,,,,225252.00,PUNE,,,
unknown,STP/P/VIII(A)(46)/2006-07/B-1158 Dt.24.08.11,"Z0LZ MacBook Pro15 inch, Quad-Core i7, 2.0GHz /8GB/ 500GB/ HDGraphis/RadeonHD6490M/SD - 12 Nos., MC966HN/A MacBook Air 13 Dual-Core i5 1.7 GHz/4GB/256GB Flash/HD Graphics -03 nos., MB572Z/A Mini DisplayPort to VGA Adapter -15Nos., MC704ZM/A Apple USB Ethernet Adapte.-03 nos., MC684ZM/A MacBook Air SuperDrive -03 nos., MD015FE/A Apple Care Protection Plan for MacBook/MacBookAir/13MacBook Pro. - 03 nos., MD013FE/A AppleCare Protection Plan for MacBook Pro -12 nos.",,,1541215.11 ,1541215.11 ,335-P/31-64,,4642944,14/09/2011,1541215.11,,,,,229558.00,PUNE,,,
unknown,STP/P/VIII(A)(46)/2006-07/B-4541 Dt.20.01.12,"MacBook Pro 15-inch: 2.2GHz Quad-core Intel Core i7 - Z0NL  13 Nos., Apple Mini DisplayPort to VGA Adapter, MB572Z/A - 14 Nos., AppleCare Protection Plan - MacBook Pro MD013FE/A  13 Nos., MacBook Air 13"" 256GB -MC966HN/A  09 Nos., MacBook Air 13"" 256GB -Z0ME  1 No., USB Ethernet Adapter: USB Ethernet Adapter MC704ZM/A  10 Nos., Apple MacBook Air SuperDrive - MC684ZM/A  10 Nos., AppleCare Protection Plan -MacBook/MacBook Air/13-inch MacBook Pro - MD015FE/A  11 Nos., MacBook Pro 13-inch: 2.4GHz Dual-core Intel Core i5 - MD313HN/A  01 No",,,2522728.70 ,2522728.70 ,335-P/31-64,,6031994,17/02/2012,2522728.70,,,,,373945.00,PUNE,,,
cancel,,IUT From ThoughtWorks Bangalore,,,0.00 ,0.00 ,,,,,0.00,,,,,0.00,PUNE,,,
cancel,,,,,,,,,,,,,,,,,PUNE,,,
cancel,,,,,,,,,,,,,,,50000000.00,,PUNE,,,
,,,,,,,,,,,,,,,,,,,,
,,,,,,,,,,,,,,,,,,,,